{
  "type": "FeatureCollection",
  "features": [
    {
      "type": "Feature",
      "geometry": {
        "type": "Point",
        "coordinates": [
          132.17768,
          34.170454
        ]
      },
      "properties": {
        "全国地方公共団体コード": 352080,
        "ID": 500001,
        "地方公共団体名": "山口県岩国市",
        "name": "太刀　銘　為次（狐ヶ崎）付　黒漆太刀拵",
        "名称_カナ": "タチ　メイ　タメツグ（キツネガサキ）　ツケタリ　クロウルシタチコシラエ",
        "名称_通称": null,
        "名称_英語": null,
        "文化財分類": "国宝",
        "種類": "工芸品",
        "場所名称": null,
        "所在地_全国地方公共団体コード": 352080,
        "町字ID": null,
        "所在地_連結表記": "山口県岩国市横山2-7-3",
        "所在地_都道府県": "山口県",
        "所在地_市区町村": "岩国市横山2-7-3",
        "所在地_町字": null,
        "所在地_番地以下": null,
        "建物名等(方書)": null,
        "高度の種別": null,
        "高度の値": null,
        "電話番号": "0827-41-1010",
        "内線番号": null,
        "連絡先メールアドレス": null,
        "連絡先FormURL": null,
        "連絡先備考（その他、SNSなど）": null,
        "郵便番号": null,
        "員数（数）": "1",
        "員数（単位）": "口",
        "法人番号": 1250010000000.0,
        "所有者等": "（公財）吉川報效会",
        "文化財指定日": "1933/1/23",
        "利用可能曜日": "水曜日休館",
        "開始時間": "9:00:00",
        "終了時間": "17:00:00",
        "利用可能日時特記事項": null,
        "画像": null,
        "画像_ライセンス": null,
        "概要": "「岩国市の文化財」参照",
        "概要_英語": null,
        "説明": null,
        "説明_英語": null,
        "URL": "https://www.kikkawa7.or.jp/",
        "備考": null
      }
    },
    {
      "type": "Feature",
      "geometry": {
        "type": "Point",
        "coordinates": [
          132.174826,
          34.171369
        ]
      },
      "properties": {
        "全国地方公共団体コード": 352080,
        "ID": 500002,
        "地方公共団体名": "山口県岩国市",
        "name": "刀〈金象嵌銘天正十三十二月日江本阿弥磨上之花押/所持稲葉勘右衛門尉（名物稲葉江）〉",
        "名称_カナ": "カタナ　〈キンゾウガンメイテンショウジュウサンジュウニガツヒゴウホンアミミガキアゲノカオウ/ショジイナバカンウエモンイ（メイブツイナバゴウ）〉",
        "名称_通称": null,
        "名称_英語": null,
        "文化財分類": "国宝",
        "種類": "工芸品",
        "場所名称": null,
        "所在地_全国地方公共団体コード": 352080,
        "町字ID": null,
        "所在地_連結表記": "山口県岩国市横山2-10-27",
        "所在地_都道府県": "山口県",
        "所在地_市区町村": "岩国市横山2-10-27",
        "所在地_町字": null,
        "所在地_番地以下": null,
        "建物名等(方書)": null,
        "高度の種別": null,
        "高度の値": null,
        "電話番号": "0827-41-0506",
        "内線番号": null,
        "連絡先メールアドレス": null,
        "連絡先FormURL": null,
        "連絡先備考（その他、SNSなど）": null,
        "郵便番号": null,
        "員数（数）": "1",
        "員数（単位）": "口",
        "法人番号": 3250010000000.0,
        "所有者等": "（公財）柏原美術館",
        "文化財指定日": "1976/6/9",
        "利用可能曜日": "特定日を除き無休",
        "開始時間": "9:00:00",
        "終了時間": "17:00:00",
        "利用可能日時特記事項": "12月～2月は16時閉館",
        "画像": null,
        "画像_ライセンス": null,
        "概要": "「岩国市の文化財」参照",
        "概要_英語": null,
        "説明": null,
        "説明_英語": null,
        "URL": "https://www.kashiwabara-museum.jp/",
        "備考": null
      }
    },
    {
      "type": "Feature",
      "geometry": {
        "type": "Point",
        "coordinates": [
          132.178342,
          34.167558
        ]
      },
      "properties": {
        "全国地方公共団体コード": 352080,
        "ID": 500193,
        "地方公共団体名": "山口県岩国市",
        "name": "錦川下流域における錦帯橋と岩国城下町の文化的景観",
        "名称_カナ": "ニシキガワカリュウイキニオケルキンタイキョウトイワクニジョウカマチノブンカテキケイカン",
        "名称_通称": null,
        "名称_英語": null,
        "文化財分類": "重要文化的景観",
        "種類": "文化的景観",
        "場所名称": null,
        "所在地_全国地方公共団体コード": 352080,
        "町字ID": null,
        "所在地_連結表記": "山口県岩国市岩国一丁目、五丁目の全域、岩国二丁目、四丁目の一部、横山一丁目、二丁目、三丁目の全域、川西、関戸、多田の一部",
        "所在地_都道府県": "山口県",
        "所在地_市区町村": "岩国市岩国一丁目、五丁目の全域、岩国二丁目、四丁目の一部、横山一丁目、二丁目、三丁目の全域、川西、関戸、多田の一部",
        "所在地_町字": null,
        "所在地_番地以下": null,
        "建物名等(方書)": null,
        "高度の種別": null,
        "高度の値": null,
        "電話番号": "0827-29-5107",
        "内線番号": null,
        "連絡先メールアドレス": null,
        "連絡先FormURL": null,
        "連絡先備考（その他、SNSなど）": null,
        "郵便番号": null,
        "員数（数）": null,
        "員数（単位）": null,
        "法人番号": 1000020000000.0,
        "所有者等": "岩国市",
        "文化財指定日": "2021/10/11",
        "利用可能曜日": null,
        "開始時間": null,
        "終了時間": null,
        "利用可能日時特記事項": null,
        "画像": null,
        "画像_ライセンス": null,
        "概要": null,
        "概要_英語": null,
        "説明": null,
        "説明_英語": null,
        "URL": "https://www.city.iwakuni.lg.jp/",
        "備考": null
      }
    },
    {
      "type": "Feature",
      "geometry": {
        "type": "Point",
        "coordinates": [
          132.175347,
          34.170631
        ]
      },
      "properties": {
        "全国地方公共団体コード": 352080,
        "ID": 500003,
        "地方公共団体名": "山口県岩国市",
        "name": "旧目加田家住宅",
        "名称_カナ": "キュウメカタケジュウタク",
        "名称_通称": null,
        "名称_英語": null,
        "文化財分類": "重要文化財",
        "種類": "建造物",
        "場所名称": null,
        "所在地_全国地方公共団体コード": 352080,
        "町字ID": null,
        "所在地_連結表記": "山口県岩国市横山2-6-31",
        "所在地_都道府県": "山口県",
        "所在地_市区町村": "岩国市横山2-6-31",
        "所在地_町字": null,
        "所在地_番地以下": null,
        "建物名等(方書)": null,
        "高度の種別": null,
        "高度の値": null,
        "電話番号": "0827-29-5098",
        "内線番号": null,
        "連絡先メールアドレス": null,
        "連絡先FormURL": null,
        "連絡先備考（その他、SNSなど）": null,
        "郵便番号": null,
        "員数（数）": "1",
        "員数（単位）": "棟",
        "法人番号": 1000020000000.0,
        "所有者等": "岩国市",
        "文化財指定日": "1974/2/5",
        "利用可能曜日": "月曜日休館",
        "開始時間": "9:30:00",
        "終了時間": "16:30:00",
        "利用可能日時特記事項": null,
        "画像": null,
        "画像_ライセンス": null,
        "概要": "「岩国市の文化財」参照",
        "概要_英語": null,
        "説明": null,
        "説明_英語": null,
        "URL": "https://www.city.iwakuni.lg.jp/",
        "備考": null
      }
    },
    {
      "type": "Feature",
      "geometry": {
        "type": "Point",
        "coordinates": [
          132.176658,
          34.172011
        ]
      },
      "properties": {
        "全国地方公共団体コード": 352080,
        "ID": 500004,
        "地方公共団体名": "山口県岩国市",
        "name": "吉香神社　本殿・拝殿及び幣殿・神門・鳥居　付　棟札",
        "名称_カナ": "キッコウジンジャ　ホンデン・ハイデンオヨビヘイデン・シンモン・トリイ　ツケタリ　ムナフダ",
        "名称_通称": null,
        "名称_英語": null,
        "文化財分類": "重要文化財",
        "種類": "建造物",
        "場所名称": null,
        "所在地_全国地方公共団体コード": 352080,
        "町字ID": null,
        "所在地_連結表記": "山口県岩国市横山2-8-5",
        "所在地_都道府県": "山口県",
        "所在地_市区町村": "岩国市横山2-8-5",
        "所在地_町字": null,
        "所在地_番地以下": null,
        "建物名等(方書)": null,
        "高度の種別": null,
        "高度の値": null,
        "電話番号": null,
        "内線番号": null,
        "連絡先メールアドレス": null,
        "連絡先FormURL": null,
        "連絡先備考（その他、SNSなど）": null,
        "郵便番号": null,
        "員数（数）": "3・1",
        "員数（単位）": "棟・基",
        "法人番号": 5250010000000.0,
        "所有者等": "（宗）吉香神社",
        "文化財指定日": "2004/12/10",
        "利用可能曜日": null,
        "開始時間": null,
        "終了時間": null,
        "利用可能日時特記事項": null,
        "画像": null,
        "画像_ライセンス": null,
        "概要": "「岩国市の文化財」参照",
        "概要_英語": null,
        "説明": null,
        "説明_英語": null,
        "URL": null,
        "備考": null
      }
    },
    {
      "type": "Feature",
      "geometry": {
        "type": "Point",
        "coordinates": [
          132.176658,
          34.172011
        ]
      },
      "properties": {
        "全国地方公共団体コード": 352080,
        "ID": 500005,
        "地方公共団体名": "山口県岩国市",
        "name": "太刀　銘　備前国福岡住左兵衛尉長則",
        "名称_カナ": "タチ　メイ　ビゼンノクニフクオカジュウサヒョウエノジョウナガノリ",
        "名称_通称": null,
        "名称_英語": null,
        "文化財分類": "重要文化財",
        "種類": "工芸品",
        "場所名称": null,
        "所在地_全国地方公共団体コード": 352080,
        "町字ID": null,
        "所在地_連結表記": "山口県岩国市横山2-8-5",
        "所在地_都道府県": "山口県",
        "所在地_市区町村": "岩国市横山2-8-5",
        "所在地_町字": null,
        "所在地_番地以下": null,
        "建物名等(方書)": null,
        "高度の種別": null,
        "高度の値": null,
        "電話番号": null,
        "内線番号": null,
        "連絡先メールアドレス": null,
        "連絡先FormURL": null,
        "連絡先備考（その他、SNSなど）": null,
        "郵便番号": null,
        "員数（数）": "1",
        "員数（単位）": "口",
        "法人番号": 5250010000000.0,
        "所有者等": "（宗）吉香神社",
        "文化財指定日": "1912/9/3",
        "利用可能曜日": null,
        "開始時間": null,
        "終了時間": null,
        "利用可能日時特記事項": null,
        "画像": null,
        "画像_ライセンス": null,
        "概要": "「岩国市の文化財」参照",
        "概要_英語": null,
        "説明": null,
        "説明_英語": null,
        "URL": null,
        "備考": null
      }
    },
    {
      "type": "Feature",
      "geometry": {
        "type": "Point",
        "coordinates": [
          132.209341,
          34.159872
        ]
      },
      "properties": {
        "全国地方公共団体コード": 352080,
        "ID": 500006,
        "地方公共団体名": "山口県岩国市",
        "name": "太刀　銘　安吉",
        "名称_カナ": "タチ　メイ　ヤスヨシ",
        "名称_通称": null,
        "名称_英語": null,
        "文化財分類": "重要文化財",
        "種類": "工芸品",
        "場所名称": null,
        "所在地_全国地方公共団体コード": 352080,
        "町字ID": null,
        "所在地_連結表記": "山口県岩国市今津町6-12-23",
        "所在地_都道府県": "山口県",
        "所在地_市区町村": "岩国市今津町6-12-23",
        "所在地_町字": null,
        "所在地_番地以下": null,
        "建物名等(方書)": null,
        "高度の種別": null,
        "高度の値": null,
        "電話番号": null,
        "内線番号": null,
        "連絡先メールアドレス": null,
        "連絡先FormURL": null,
        "連絡先備考（その他、SNSなど）": null,
        "郵便番号": null,
        "員数（数）": "1",
        "員数（単位）": "口",
        "法人番号": 2250010000000.0,
        "所有者等": "（宗）白崎八幡宮",
        "文化財指定日": "1926/4/19",
        "利用可能曜日": null,
        "開始時間": null,
        "終了時間": null,
        "利用可能日時特記事項": null,
        "画像": null,
        "画像_ライセンス": null,
        "概要": "「岩国市の文化財」参照",
        "概要_英語": null,
        "説明": null,
        "説明_英語": null,
        "URL": null,
        "備考": null
      }
    },
    {
      "type": "Feature",
      "geometry": {
        "type": "Point",
        "coordinates": [
          132.21668,
          34.17049
        ]
      },
      "properties": {
        "全国地方公共団体コード": 352080,
        "ID": 500007,
        "地方公共団体名": "山口県岩国市",
        "name": "太刀　守吉作",
        "名称_カナ": "タチ　モリヨシサク",
        "名称_通称": null,
        "名称_英語": null,
        "文化財分類": "重要文化財",
        "種類": "工芸品",
        "場所名称": null,
        "所在地_全国地方公共団体コード": 352080,
        "町字ID": null,
        "所在地_連結表記": "山口県岩国市山手町1-９－６",
        "所在地_都道府県": "山口県",
        "所在地_市区町村": "岩国市山手町1-９－６",
        "所在地_町字": null,
        "所在地_番地以下": null,
        "建物名等(方書)": null,
        "高度の種別": null,
        "高度の値": null,
        "電話番号": null,
        "内線番号": null,
        "連絡先メールアドレス": null,
        "連絡先FormURL": null,
        "連絡先備考（その他、SNSなど）": null,
        "郵便番号": null,
        "員数（数）": "1",
        "員数（単位）": "口",
        "法人番号": 5250000000000.0,
        "所有者等": "（株）カシワバラコーポレーション",
        "文化財指定日": "1927/4/25",
        "利用可能曜日": null,
        "開始時間": null,
        "終了時間": null,
        "利用可能日時特記事項": null,
        "画像": null,
        "画像_ライセンス": null,
        "概要": "「岩国市の文化財」参照",
        "概要_英語": null,
        "説明": null,
        "説明_英語": null,
        "URL": null,
        "備考": null
      }
    },
    {
      "type": "Feature",
      "geometry": {
        "type": "Point",
        "coordinates": [
          132.17768,
          34.170454
        ]
      },
      "properties": {
        "全国地方公共団体コード": 352080,
        "ID": 500008,
        "地方公共団体名": "山口県岩国市",
        "name": "山道草花鶴亀文繍箔胴服",
        "名称_カナ": "ヤマミチクサバナツルカメモンシュウハクドウフク",
        "名称_通称": null,
        "名称_英語": null,
        "文化財分類": "重要文化財",
        "種類": "工芸品",
        "場所名称": null,
        "所在地_全国地方公共団体コード": 352080,
        "町字ID": null,
        "所在地_連結表記": "山口県岩国市横山2-7-3",
        "所在地_都道府県": "山口県",
        "所在地_市区町村": "岩国市横山2-7-3",
        "所在地_町字": null,
        "所在地_番地以下": null,
        "建物名等(方書)": null,
        "高度の種別": null,
        "高度の値": null,
        "電話番号": "0827-41-1010",
        "内線番号": null,
        "連絡先メールアドレス": null,
        "連絡先FormURL": null,
        "連絡先備考（その他、SNSなど）": null,
        "郵便番号": null,
        "員数（数）": "1",
        "員数（単位）": "領",
        "法人番号": 1250010000000.0,
        "所有者等": "（公財）吉川報效会",
        "文化財指定日": "1972/5/30",
        "利用可能曜日": "水曜日休館",
        "開始時間": "9:00:00",
        "終了時間": "17:00:00",
        "利用可能日時特記事項": null,
        "画像": null,
        "画像_ライセンス": null,
        "概要": "「岩国市の文化財」参照",
        "概要_英語": null,
        "説明": null,
        "説明_英語": null,
        "URL": "https://www.kikkawa7.or.jp/",
        "備考": null
      }
    },
    {
      "type": "Feature",
      "geometry": {
        "type": "Point",
        "coordinates": [
          132.174826,
          34.171369
        ]
      },
      "properties": {
        "全国地方公共団体コード": 352080,
        "ID": 500009,
        "地方公共団体名": "山口県岩国市",
        "name": "色々威腹巻",
        "名称_カナ": "イロイロオドシハラマキ",
        "名称_通称": null,
        "名称_英語": null,
        "文化財分類": "重要文化財",
        "種類": "工芸品",
        "場所名称": null,
        "所在地_全国地方公共団体コード": 352080,
        "町字ID": null,
        "所在地_連結表記": "山口県岩国市横山2-10-27",
        "所在地_都道府県": "山口県",
        "所在地_市区町村": "岩国市横山2-10-27",
        "所在地_町字": null,
        "所在地_番地以下": null,
        "建物名等(方書)": null,
        "高度の種別": null,
        "高度の値": null,
        "電話番号": "0827-41-0506",
        "内線番号": null,
        "連絡先メールアドレス": null,
        "連絡先FormURL": null,
        "連絡先備考（その他、SNSなど）": null,
        "郵便番号": null,
        "員数（数）": "1",
        "員数（単位）": "領",
        "法人番号": 3250010000000.0,
        "所有者等": "（公財）柏原美術館",
        "文化財指定日": "1972/5/30",
        "利用可能曜日": "特定日を除き無休",
        "開始時間": "9:00:00",
        "終了時間": "17:00:00",
        "利用可能日時特記事項": "12月～2月は16時閉館",
        "画像": null,
        "画像_ライセンス": null,
        "概要": "「岩国市の文化財」参照",
        "概要_英語": null,
        "説明": null,
        "説明_英語": null,
        "URL": "https://www.kashiwabara-museum.jp/",
        "備考": null
      }
    },
    {
      "type": "Feature",
      "geometry": {
        "type": "Point",
        "coordinates": [
          132.17768,
          34.170454
        ]
      },
      "properties": {
        "全国地方公共団体コード": 352080,
        "ID": 500010,
        "地方公共団体名": "山口県岩国市",
        "name": "紙本墨書吾妻鏡",
        "名称_カナ": "シホンボクショアヅマカガミ",
        "名称_通称": null,
        "名称_英語": null,
        "文化財分類": "重要文化財",
        "種類": "書跡",
        "場所名称": null,
        "所在地_全国地方公共団体コード": 352080,
        "町字ID": null,
        "所在地_連結表記": "山口県岩国市横山2-7-3",
        "所在地_都道府県": "山口県",
        "所在地_市区町村": "岩国市横山2-7-3",
        "所在地_町字": null,
        "所在地_番地以下": null,
        "建物名等(方書)": null,
        "高度の種別": null,
        "高度の値": null,
        "電話番号": "0827-41-1010",
        "内線番号": null,
        "連絡先メールアドレス": null,
        "連絡先FormURL": null,
        "連絡先備考（その他、SNSなど）": null,
        "郵便番号": null,
        "員数（数）": "48",
        "員数（単位）": "冊",
        "法人番号": null,
        "所有者等": "（公財）吉川報效会",
        "文化財指定日": "1934/1/30",
        "利用可能曜日": "水曜日休館",
        "開始時間": "9:00:00",
        "終了時間": "17:00:00",
        "利用可能日時特記事項": null,
        "画像": null,
        "画像_ライセンス": null,
        "概要": "「岩国市の文化財」参照",
        "概要_英語": null,
        "説明": null,
        "説明_英語": null,
        "URL": "https://www.kikkawa7.or.jp/",
        "備考": null
      }
    },
    {
      "type": "Feature",
      "geometry": {
        "type": "Point",
        "coordinates": [
          132.17768,
          34.170454
        ]
      },
      "properties": {
        "全国地方公共団体コード": 352080,
        "ID": 500011,
        "地方公共団体名": "山口県岩国市",
        "name": "紙本墨書細字法華経八巻　付　仁和寺任助法親王御譲状一通",
        "名称_カナ": "シホンボクショサイジホケキョウハッカン　ツケタリ　ニンナジニンジョホウシンノウオユズリジョウイッツウ",
        "名称_通称": null,
        "名称_英語": null,
        "文化財分類": "重要文化財",
        "種類": "書跡",
        "場所名称": null,
        "所在地_全国地方公共団体コード": 352080,
        "町字ID": null,
        "所在地_連結表記": "山口県岩国市横山2-7-3",
        "所在地_都道府県": "山口県",
        "所在地_市区町村": "岩国市横山2-7-3",
        "所在地_町字": null,
        "所在地_番地以下": null,
        "建物名等(方書)": null,
        "高度の種別": null,
        "高度の値": null,
        "電話番号": "0827-41-1010",
        "内線番号": null,
        "連絡先メールアドレス": null,
        "連絡先FormURL": null,
        "連絡先備考（その他、SNSなど）": null,
        "郵便番号": null,
        "員数（数）": "1",
        "員数（単位）": "帳",
        "法人番号": 1250010000000.0,
        "所有者等": "（公財）吉川報效会",
        "文化財指定日": "1941/7/13",
        "利用可能曜日": "水曜日休館",
        "開始時間": "9:00:00",
        "終了時間": "17:00:00",
        "利用可能日時特記事項": null,
        "画像": null,
        "画像_ライセンス": null,
        "概要": "「岩国市の文化財」参照",
        "概要_英語": null,
        "説明": null,
        "説明_英語": null,
        "URL": "https://www.kikkawa7.or.jp/",
        "備考": null
      }
    },
    {
      "type": "Feature",
      "geometry": {
        "type": "Point",
        "coordinates": [
          132.17768,
          34.170454
        ]
      },
      "properties": {
        "全国地方公共団体コード": 352080,
        "ID": 500012,
        "地方公共団体名": "山口県岩国市",
        "name": "太平記　吉川元春筆四十冊　付　太平記目録",
        "名称_カナ": "タイヘイキ　キッカワモトハルヒツヨンジュッサツ　ツケタリ　タイヘイキモクロク",
        "名称_通称": null,
        "名称_英語": null,
        "文化財分類": "重要文化財",
        "種類": "書跡",
        "場所名称": null,
        "所在地_全国地方公共団体コード": 352080,
        "町字ID": null,
        "所在地_連結表記": "山口県岩国市横山2-7-3",
        "所在地_都道府県": "山口県",
        "所在地_市区町村": "岩国市横山2-7-3",
        "所在地_町字": null,
        "所在地_番地以下": null,
        "建物名等(方書)": null,
        "高度の種別": null,
        "高度の値": null,
        "電話番号": "0827-41-1010",
        "内線番号": null,
        "連絡先メールアドレス": null,
        "連絡先FormURL": null,
        "連絡先備考（その他、SNSなど）": null,
        "郵便番号": null,
        "員数（数）": "41",
        "員数（単位）": "冊",
        "法人番号": 1250010000000.0,
        "所有者等": "（公財）吉川報效会",
        "文化財指定日": "1959/12/18",
        "利用可能曜日": "水曜日休館",
        "開始時間": "9:00:00",
        "終了時間": "17:00:00",
        "利用可能日時特記事項": null,
        "画像": null,
        "画像_ライセンス": null,
        "概要": "「岩国市の文化財」参照",
        "概要_英語": null,
        "説明": null,
        "説明_英語": null,
        "URL": "https://www.kikkawa7.or.jp/",
        "備考": null
      }
    },
    {
      "type": "Feature",
      "geometry": {
        "type": "Point",
        "coordinates": [
          132.17768,
          34.170454
        ]
      },
      "properties": {
        "全国地方公共団体コード": 352080,
        "ID": 500013,
        "地方公共団体名": "山口県岩国市",
        "name": "元亨釈書　吉川経基筆",
        "名称_カナ": "ゲンコウシャクショ　キッカワツネモトヒツ",
        "名称_通称": null,
        "名称_英語": null,
        "文化財分類": "重要文化財",
        "種類": "書跡",
        "場所名称": null,
        "所在地_全国地方公共団体コード": 352080,
        "町字ID": null,
        "所在地_連結表記": "山口県岩国市横山2-7-3",
        "所在地_都道府県": "山口県",
        "所在地_市区町村": "岩国市横山2-7-3",
        "所在地_町字": null,
        "所在地_番地以下": null,
        "建物名等(方書)": null,
        "高度の種別": null,
        "高度の値": null,
        "電話番号": "0827-41-1010",
        "内線番号": null,
        "連絡先メールアドレス": null,
        "連絡先FormURL": null,
        "連絡先備考（その他、SNSなど）": null,
        "郵便番号": null,
        "員数（数）": "15",
        "員数（単位）": "冊",
        "法人番号": 1250010000000.0,
        "所有者等": "（公財）吉川報效会",
        "文化財指定日": "1959/12/18",
        "利用可能曜日": "水曜日休館",
        "開始時間": "9:00:00",
        "終了時間": "17:00:00",
        "利用可能日時特記事項": null,
        "画像": null,
        "画像_ライセンス": null,
        "概要": "「岩国市の文化財」参照",
        "概要_英語": null,
        "説明": null,
        "説明_英語": null,
        "URL": "https://www.kikkawa7.or.jp/",
        "備考": null
      }
    },
    {
      "type": "Feature",
      "geometry": {
        "type": "Point",
        "coordinates": [
          132.17768,
          34.170454
        ]
      },
      "properties": {
        "全国地方公共団体コード": 352080,
        "ID": 500014,
        "地方公共団体名": "山口県岩国市",
        "name": "吉川家文書",
        "名称_カナ": "キッカワケモンジョ",
        "名称_通称": null,
        "名称_英語": null,
        "文化財分類": "重要文化財",
        "種類": "書跡",
        "場所名称": null,
        "所在地_全国地方公共団体コード": 352080,
        "町字ID": null,
        "所在地_連結表記": "山口県岩国市横山2-7-3",
        "所在地_都道府県": "山口県",
        "所在地_市区町村": "岩国市横山2-7-3",
        "所在地_町字": null,
        "所在地_番地以下": null,
        "建物名等(方書)": null,
        "高度の種別": null,
        "高度の値": null,
        "電話番号": "0827-41-1010",
        "内線番号": null,
        "連絡先メールアドレス": null,
        "連絡先FormURL": null,
        "連絡先備考（その他、SNSなど）": null,
        "郵便番号": null,
        "員数（数）": "86・7　5・1　2・1",
        "員数（単位）": "巻・幅　帖・面　通・冊",
        "法人番号": 1250010000000.0,
        "所有者等": "（公財）吉川報效会",
        "文化財指定日": "1974/6/8",
        "利用可能曜日": "水曜日休館",
        "開始時間": "9:00:00",
        "終了時間": "17:00:00",
        "利用可能日時特記事項": null,
        "画像": null,
        "画像_ライセンス": null,
        "概要": "「岩国市の文化財」参照",
        "概要_英語": null,
        "説明": null,
        "説明_英語": null,
        "URL": "https://www.kikkawa7.or.jp/",
        "備考": null
      }
    },
    {
      "type": "Feature",
      "geometry": {
        "type": "Point",
        "coordinates": [
          132.085599,
          34.180494
        ]
      },
      "properties": {
        "全国地方公共団体コード": 352080,
        "ID": 500015,
        "地方公共団体名": "山口県岩国市",
        "name": "岩国行波の神舞",
        "名称_カナ": "イワクニユカバノカンマイ",
        "名称_通称": null,
        "名称_英語": null,
        "文化財分類": "重要無形民俗文化財",
        "種類": null,
        "場所名称": null,
        "所在地_全国地方公共団体コード": 352080,
        "町字ID": null,
        "所在地_連結表記": "山口県岩国市大字行波",
        "所在地_都道府県": "山口県",
        "所在地_市区町村": "岩国市大字行波",
        "所在地_町字": null,
        "所在地_番地以下": null,
        "建物名等(方書)": null,
        "高度の種別": null,
        "高度の値": null,
        "電話番号": null,
        "内線番号": null,
        "連絡先メールアドレス": null,
        "連絡先FormURL": null,
        "連絡先備考（その他、SNSなど）": null,
        "郵便番号": null,
        "員数（数）": null,
        "員数（単位）": null,
        "法人番号": null,
        "所有者等": "岩国行波の神舞保存会",
        "文化財指定日": "1979/2/3",
        "利用可能曜日": null,
        "開始時間": null,
        "終了時間": null,
        "利用可能日時特記事項": null,
        "画像": null,
        "画像_ライセンス": null,
        "概要": "「岩国市の文化財」参照",
        "概要_英語": null,
        "説明": null,
        "説明_英語": null,
        "URL": null,
        "備考": null
      }
    },
    {
      "type": "Feature",
      "geometry": {
        "type": "Point",
        "coordinates": [
          132.127625,
          34.073455
        ]
      },
      "properties": {
        "全国地方公共団体コード": 352080,
        "ID": 500016,
        "地方公共団体名": "山口県岩国市",
        "name": "周防祖生の柱松行事",
        "名称_カナ": "スオウソオノハシラマツギョウジ",
        "名称_通称": null,
        "名称_英語": null,
        "文化財分類": "重要無形民俗文化財",
        "種類": null,
        "場所名称": null,
        "所在地_全国地方公共団体コード": 352080,
        "町字ID": null,
        "所在地_連結表記": "山口県岩国市周東町祖生",
        "所在地_都道府県": "山口県",
        "所在地_市区町村": "岩国市周東町祖生",
        "所在地_町字": null,
        "所在地_番地以下": null,
        "建物名等(方書)": null,
        "高度の種別": null,
        "高度の値": null,
        "電話番号": null,
        "内線番号": null,
        "連絡先メールアドレス": null,
        "連絡先FormURL": null,
        "連絡先備考（その他、SNSなど）": null,
        "郵便番号": null,
        "員数（数）": null,
        "員数（単位）": null,
        "法人番号": null,
        "所有者等": "祖生柱松行事保存会",
        "文化財指定日": "1989/3/20",
        "利用可能曜日": null,
        "開始時間": null,
        "終了時間": null,
        "利用可能日時特記事項": null,
        "画像": null,
        "画像_ライセンス": null,
        "概要": "「岩国市の文化財」参照",
        "概要_英語": null,
        "説明": null,
        "説明_英語": null,
        "URL": null,
        "備考": null
      }
    },
    {
      "type": "Feature",
      "geometry": {
        "type": "Point",
        "coordinates": [
          132.178342,
          34.167558
        ]
      },
      "properties": {
        "全国地方公共団体コード": 352080,
        "ID": 500017,
        "地方公共団体名": "山口県岩国市",
        "name": "錦帯橋",
        "名称_カナ": "キンタイキョウ",
        "名称_通称": null,
        "名称_英語": null,
        "文化財分類": "名勝",
        "種類": null,
        "場所名称": null,
        "所在地_全国地方公共団体コード": 352080,
        "町字ID": null,
        "所在地_連結表記": "山口県岩国市錦見・横山",
        "所在地_都道府県": "山口県",
        "所在地_市区町村": "岩国市錦見・横山",
        "所在地_町字": null,
        "所在地_番地以下": null,
        "建物名等(方書)": null,
        "高度の種別": null,
        "高度の値": null,
        "電話番号": "0827-29-5107",
        "内線番号": null,
        "連絡先メールアドレス": null,
        "連絡先FormURL": null,
        "連絡先備考（その他、SNSなど）": null,
        "郵便番号": null,
        "員数（数）": null,
        "員数（単位）": null,
        "法人番号": 1000020000000.0,
        "所有者等": "岩国市",
        "文化財指定日": "1922/3/8",
        "利用可能曜日": "無休",
        "開始時間": null,
        "終了時間": null,
        "利用可能日時特記事項": null,
        "画像": null,
        "画像_ライセンス": null,
        "概要": "「岩国市の文化財」参照",
        "概要_英語": null,
        "説明": null,
        "説明_英語": null,
        "URL": "https://www.city.iwakuni.lg.jp/",
        "備考": null
      }
    },
    {
      "type": "Feature",
      "geometry": {
        "type": "Point",
        "coordinates": [
          132.219164,
          34.166745
        ]
      },
      "properties": {
        "全国地方公共団体コード": 352080,
        "ID": 500018,
        "地方公共団体名": "山口県岩国市",
        "name": "岩国のシロヘビ",
        "名称_カナ": "イワクニノシロヘビ",
        "名称_通称": null,
        "名称_英語": null,
        "文化財分類": "天然記念物",
        "種類": null,
        "場所名称": null,
        "所在地_全国地方公共団体コード": 352080,
        "町字ID": null,
        "所在地_連結表記": "山口県岩国市一円",
        "所在地_都道府県": "山口県",
        "所在地_市区町村": "岩国市一円",
        "所在地_町字": null,
        "所在地_番地以下": null,
        "建物名等(方書)": null,
        "高度の種別": null,
        "高度の値": null,
        "電話番号": "0827-29-5098",
        "内線番号": null,
        "連絡先メールアドレス": null,
        "連絡先FormURL": null,
        "連絡先備考（その他、SNSなど）": null,
        "郵便番号": null,
        "員数（数）": null,
        "員数（単位）": null,
        "法人番号": 1000020000000.0,
        "所有者等": "岩国市",
        "文化財指定日": "1924/12/9",
        "利用可能曜日": "無休",
        "開始時間": "9:00:00",
        "終了時間": "17:00:00",
        "利用可能日時特記事項": null,
        "画像": null,
        "画像_ライセンス": null,
        "概要": "「岩国市の文化財」参照",
        "概要_英語": null,
        "説明": null,
        "説明_英語": null,
        "URL": "https://www.city.iwakuni.lg.jp/",
        "備考": null
      }
    },
    {
      "type": "Feature",
      "geometry": {
        "type": "Point",
        "coordinates": [
          132.028689,
          34.206654
        ]
      },
      "properties": {
        "全国地方公共団体コード": 352080,
        "ID": 500019,
        "地方公共団体名": "山口県岩国市",
        "name": "南桑カジカガエル生息地",
        "名称_カナ": "ナグワカジカガエルセイソクチ",
        "名称_通称": null,
        "名称_英語": null,
        "文化財分類": "天然記念物",
        "種類": null,
        "場所名称": null,
        "所在地_全国地方公共団体コード": 352080,
        "町字ID": null,
        "所在地_連結表記": "山口県岩国市美川町南桑",
        "所在地_都道府県": "山口県",
        "所在地_市区町村": "岩国市美川町南桑",
        "所在地_町字": null,
        "所在地_番地以下": null,
        "建物名等(方書)": null,
        "高度の種別": null,
        "高度の値": null,
        "電話番号": "0827-29-5098",
        "内線番号": null,
        "連絡先メールアドレス": null,
        "連絡先FormURL": null,
        "連絡先備考（その他、SNSなど）": null,
        "郵便番号": null,
        "員数（数）": null,
        "員数（単位）": null,
        "法人番号": 1000020000000.0,
        "所有者等": "岩国市",
        "文化財指定日": "1936/9/3",
        "利用可能曜日": null,
        "開始時間": null,
        "終了時間": null,
        "利用可能日時特記事項": null,
        "画像": null,
        "画像_ライセンス": null,
        "概要": "「岩国市の文化財」参照",
        "概要_英語": null,
        "説明": null,
        "説明_英語": null,
        "URL": "https://www.city.iwakuni.lg.jp/",
        "備考": null
      }
    },
    {
      "type": "Feature",
      "geometry": {
        "type": "Point",
        "coordinates": [
          131.986797,
          34.189739
        ]
      },
      "properties": {
        "全国地方公共団体コード": 352080,
        "ID": 500020,
        "地方公共団体名": "山口県岩国市",
        "name": "岩屋観音窟",
        "名称_カナ": "イワヤカンノンクツ",
        "名称_通称": null,
        "名称_英語": null,
        "文化財分類": "天然記念物",
        "種類": null,
        "場所名称": null,
        "所在地_全国地方公共団体コード": 352080,
        "町字ID": null,
        "所在地_連結表記": "山口県岩国市美川町根笠字岩屋",
        "所在地_都道府県": "山口県",
        "所在地_市区町村": "岩国市美川町根笠字岩屋",
        "所在地_町字": null,
        "所在地_番地以下": null,
        "建物名等(方書)": null,
        "高度の種別": null,
        "高度の値": null,
        "電話番号": "0827-29-5098",
        "内線番号": null,
        "連絡先メールアドレス": null,
        "連絡先FormURL": null,
        "連絡先備考（その他、SNSなど）": null,
        "郵便番号": null,
        "員数（数）": null,
        "員数（単位）": null,
        "法人番号": 1000020000000.0,
        "所有者等": "岩国市（管理者）",
        "文化財指定日": "1934/1/22",
        "利用可能曜日": null,
        "開始時間": null,
        "終了時間": null,
        "利用可能日時特記事項": null,
        "画像": null,
        "画像_ライセンス": null,
        "概要": "「岩国市の文化財」参照",
        "概要_英語": null,
        "説明": null,
        "説明_英語": null,
        "URL": "https://www.city.iwakuni.lg.jp/",
        "備考": null
      }
    },
    {
      "type": "Feature",
      "geometry": {
        "type": "Point",
        "coordinates": [
          132.176755,
          34.169341
        ]
      },
      "properties": {
        "全国地方公共団体コード": 352080,
        "ID": 500021,
        "地方公共団体名": "山口県岩国市",
        "name": "香川家長屋門",
        "名称_カナ": "カガワケナガヤモン",
        "名称_通称": null,
        "名称_英語": null,
        "文化財分類": "県指定有形文化財",
        "種類": "建造物",
        "場所名称": null,
        "所在地_全国地方公共団体コード": 352080,
        "町字ID": null,
        "所在地_連結表記": "山口県岩国市横山2-4-9",
        "所在地_都道府県": "山口県",
        "所在地_市区町村": "岩国市横山2-4-9",
        "所在地_町字": null,
        "所在地_番地以下": null,
        "建物名等(方書)": null,
        "高度の種別": null,
        "高度の値": null,
        "電話番号": "0827-29-5098",
        "内線番号": null,
        "連絡先メールアドレス": null,
        "連絡先FormURL": null,
        "連絡先備考（その他、SNSなど）": null,
        "郵便番号": null,
        "員数（数）": "1",
        "員数（単位）": "棟",
        "法人番号": 1000020000000.0,
        "所有者等": "岩国市",
        "文化財指定日": "1966/6/10",
        "利用可能曜日": null,
        "開始時間": null,
        "終了時間": null,
        "利用可能日時特記事項": null,
        "画像": null,
        "画像_ライセンス": null,
        "概要": "「岩国市の文化財」参照",
        "概要_英語": null,
        "説明": null,
        "説明_英語": null,
        "URL": "https://www.city.iwakuni.lg.jp/",
        "備考": null
      }
    },
    {
      "type": "Feature",
      "geometry": {
        "type": "Point",
        "coordinates": [
          132.184064,
          34.164134
        ]
      },
      "properties": {
        "全国地方公共団体コード": 352080,
        "ID": 500022,
        "地方公共団体名": "山口県岩国市",
        "name": "岩国学校校舎",
        "名称_カナ": "イワクニガッコウコウシャ",
        "名称_通称": null,
        "名称_英語": null,
        "文化財分類": "県指定有形文化財",
        "種類": "建造物",
        "場所名称": null,
        "所在地_全国地方公共団体コード": 352080,
        "町字ID": null,
        "所在地_連結表記": "山口県岩国市岩国3-1-8",
        "所在地_都道府県": "山口県",
        "所在地_市区町村": "岩国市岩国3-1-8",
        "所在地_町字": null,
        "所在地_番地以下": null,
        "建物名等(方書)": null,
        "高度の種別": null,
        "高度の値": null,
        "電話番号": "0827-41-0540",
        "内線番号": null,
        "連絡先メールアドレス": null,
        "連絡先FormURL": null,
        "連絡先備考（その他、SNSなど）": null,
        "郵便番号": null,
        "員数（数）": "1",
        "員数（単位）": "棟",
        "法人番号": 1000020000000.0,
        "所有者等": "岩国市",
        "文化財指定日": "1969/12/5",
        "利用可能曜日": "月曜日休館",
        "開始時間": "9:00:00",
        "終了時間": "17:00:00",
        "利用可能日時特記事項": null,
        "画像": null,
        "画像_ライセンス": null,
        "概要": "「岩国市の文化財」参照",
        "概要_英語": null,
        "説明": null,
        "説明_英語": null,
        "URL": "https://www.city.iwakuni.lg.jp/",
        "備考": null
      }
    },
    {
      "type": "Feature",
      "geometry": {
        "type": "Point",
        "coordinates": [
          132.043541,
          34.058221
        ]
      },
      "properties": {
        "全国地方公共団体コード": 352080,
        "ID": 500023,
        "地方公共団体名": "山口県岩国市",
        "name": "極楽寺薬師堂",
        "名称_カナ": "ゴクラクジヤクシドウ",
        "名称_通称": null,
        "名称_英語": null,
        "文化財分類": "県指定有形文化財",
        "種類": "建造物",
        "場所名称": null,
        "所在地_全国地方公共団体コード": 352080,
        "町字ID": null,
        "所在地_連結表記": "山口県岩国市周東町用田866",
        "所在地_都道府県": "山口県",
        "所在地_市区町村": "岩国市周東町用田866",
        "所在地_町字": null,
        "所在地_番地以下": null,
        "建物名等(方書)": null,
        "高度の種別": null,
        "高度の値": null,
        "電話番号": null,
        "内線番号": null,
        "連絡先メールアドレス": null,
        "連絡先FormURL": null,
        "連絡先備考（その他、SNSなど）": null,
        "郵便番号": null,
        "員数（数）": "1",
        "員数（単位）": "棟",
        "法人番号": 1250010000000.0,
        "所有者等": "（宗）極楽寺",
        "文化財指定日": "1974/4/2",
        "利用可能曜日": null,
        "開始時間": null,
        "終了時間": null,
        "利用可能日時特記事項": null,
        "画像": null,
        "画像_ライセンス": null,
        "概要": "「岩国市の文化財」参照",
        "概要_英語": null,
        "説明": null,
        "説明_英語": null,
        "URL": null,
        "備考": null
      }
    },
    {
      "type": "Feature",
      "geometry": {
        "type": "Point",
        "coordinates": [
          132.17768,
          34.171169
        ]
      },
      "properties": {
        "全国地方公共団体コード": 352080,
        "ID": 500024,
        "地方公共団体名": "山口県岩国市",
        "name": "旧吉川家岩国事務所",
        "名称_カナ": "キュウキッカワケイワクニジムショ",
        "名称_通称": null,
        "名称_英語": null,
        "文化財分類": "県指定有形文化財",
        "種類": "建造物",
        "場所名称": null,
        "所在地_全国地方公共団体コード": 352080,
        "町字ID": null,
        "所在地_連結表記": "山口県岩国市横山2-7-23",
        "所在地_都道府県": "山口県",
        "所在地_市区町村": "岩国市横山2-7-23",
        "所在地_町字": null,
        "所在地_番地以下": null,
        "建物名等(方書)": null,
        "高度の種別": null,
        "高度の値": null,
        "電話番号": "0827-41-0452",
        "内線番号": null,
        "連絡先メールアドレス": null,
        "連絡先FormURL": null,
        "連絡先備考（その他、SNSなど）": null,
        "郵便番号": null,
        "員数（数）": "3",
        "員数（単位）": "棟",
        "法人番号": 1000020000000.0,
        "所有者等": "岩国市",
        "文化財指定日": "2012/4/3",
        "利用可能曜日": null,
        "開始時間": null,
        "終了時間": null,
        "利用可能日時特記事項": null,
        "画像": null,
        "画像_ライセンス": null,
        "概要": "「岩国市の文化財」参照",
        "概要_英語": null,
        "説明": null,
        "説明_英語": null,
        "URL": "https://www.city.iwakuni.lg.jp/",
        "備考": null
      }
    },
    {
      "type": "Feature",
      "geometry": {
        "type": "Point",
        "coordinates": [
          132.17714,
          34.170967
        ]
      },
      "properties": {
        "全国地方公共団体コード": 352080,
        "ID": 500025,
        "地方公共団体名": "山口県岩国市",
        "name": "絹本着色仏国国師像　付　絹本着色仏国国師像",
        "名称_カナ": "ケンポンチャクショクブッコクコクシゾウ　ツケタリ　ケンポンチャクショクブッコクコクシゾウ",
        "名称_通称": null,
        "名称_英語": null,
        "文化財分類": "県指定有形文化財",
        "種類": "絵画",
        "場所名称": null,
        "所在地_全国地方公共団体コード": 352080,
        "町字ID": null,
        "所在地_連結表記": "山口県岩国市横山2-7-19　（岩国徴古館）",
        "所在地_都道府県": "山口県",
        "所在地_市区町村": "岩国市横山2-7-19　（岩国徴古館）",
        "所在地_町字": null,
        "所在地_番地以下": null,
        "建物名等(方書)": null,
        "高度の種別": null,
        "高度の値": null,
        "電話番号": "0827-41-0452",
        "内線番号": null,
        "連絡先メールアドレス": null,
        "連絡先FormURL": null,
        "連絡先備考（その他、SNSなど）": null,
        "郵便番号": null,
        "員数（数）": "1　1",
        "員数（単位）": "幅　幅",
        "法人番号": 1000020000000.0,
        "所有者等": "岩国市",
        "文化財指定日": "1987/10/27",
        "利用可能曜日": "月曜日休館",
        "開始時間": "9:00:00",
        "終了時間": "17:00:00",
        "利用可能日時特記事項": null,
        "画像": null,
        "画像_ライセンス": null,
        "概要": "「岩国市の文化財」参照",
        "概要_英語": null,
        "説明": null,
        "説明_英語": null,
        "URL": "https://www.city.iwakuni.lg.jp/",
        "備考": null
      }
    },
    {
      "type": "Feature",
      "geometry": {
        "type": "Point",
        "coordinates": [
          132.17768,
          34.170454
        ]
      },
      "properties": {
        "全国地方公共団体コード": 352080,
        "ID": 500026,
        "地方公共団体名": "山口県岩国市",
        "name": "紙本墨画淡彩湖亭春望図",
        "名称_カナ": "シホンボクガタンサイコテイシュンボウズ",
        "名称_通称": null,
        "名称_英語": null,
        "文化財分類": "県指定有形文化財",
        "種類": "絵画",
        "場所名称": null,
        "所在地_全国地方公共団体コード": 352080,
        "町字ID": null,
        "所在地_連結表記": "山口県岩国市横山2-7-3",
        "所在地_都道府県": "山口県",
        "所在地_市区町村": "岩国市横山2-7-3",
        "所在地_町字": null,
        "所在地_番地以下": null,
        "建物名等(方書)": null,
        "高度の種別": null,
        "高度の値": null,
        "電話番号": "0827-41-1010",
        "内線番号": null,
        "連絡先メールアドレス": null,
        "連絡先FormURL": null,
        "連絡先備考（その他、SNSなど）": null,
        "郵便番号": null,
        "員数（数）": "1",
        "員数（単位）": "幅",
        "法人番号": 1250010000000.0,
        "所有者等": "（公財）吉川報效会",
        "文化財指定日": "1996/5/24",
        "利用可能曜日": "水曜日休館",
        "開始時間": "9:00:00",
        "終了時間": "17:00:00",
        "利用可能日時特記事項": null,
        "画像": null,
        "画像_ライセンス": null,
        "概要": "「岩国市の文化財」参照",
        "概要_英語": null,
        "説明": null,
        "説明_英語": null,
        "URL": "https://www.kikkawa7.or.jp/",
        "備考": null
      }
    },
    {
      "type": "Feature",
      "geometry": {
        "type": "Point",
        "coordinates": [
          132.093018,
          34.220909
        ]
      },
      "properties": {
        "全国地方公共団体コード": 352080,
        "ID": 500027,
        "地方公共団体名": "山口県岩国市",
        "name": "絹本着色十六善神像",
        "名称_カナ": "ケンポンチャクショクジュウロクゼンシンゾウ　　　",
        "名称_通称": null,
        "名称_英語": null,
        "文化財分類": "県指定有形文化財",
        "種類": "絵画",
        "場所名称": null,
        "所在地_全国地方公共団体コード": 352080,
        "町字ID": null,
        "所在地_連結表記": "山口県岩国市美和町渋前1846",
        "所在地_都道府県": "山口県",
        "所在地_市区町村": "岩国市美和町渋前1846",
        "所在地_町字": null,
        "所在地_番地以下": null,
        "建物名等(方書)": null,
        "高度の種別": null,
        "高度の値": null,
        "電話番号": null,
        "内線番号": null,
        "連絡先メールアドレス": null,
        "連絡先FormURL": null,
        "連絡先備考（その他、SNSなど）": null,
        "郵便番号": null,
        "員数（数）": "1",
        "員数（単位）": "幅",
        "法人番号": null,
        "所有者等": "瀬戸ノ内集落",
        "文化財指定日": "1969/2/4",
        "利用可能曜日": null,
        "開始時間": null,
        "終了時間": null,
        "利用可能日時特記事項": null,
        "画像": null,
        "画像_ライセンス": null,
        "概要": "「岩国市の文化財」参照",
        "概要_英語": null,
        "説明": null,
        "説明_英語": null,
        "URL": null,
        "備考": null
      }
    },
    {
      "type": "Feature",
      "geometry": {
        "type": "Point",
        "coordinates": [
          132.043541,
          34.058221
        ]
      },
      "properties": {
        "全国地方公共団体コード": 352080,
        "ID": 500028,
        "地方公共団体名": "山口県岩国市",
        "name": "絹本着色釈迦十六善神像　付　同上納箱一合、同上寄進状一通",
        "名称_カナ": "ケンポンチャクショクシャカジュウロクゼンシンゾウ",
        "名称_通称": null,
        "名称_英語": null,
        "文化財分類": "県指定有形文化財",
        "種類": "絵画",
        "場所名称": null,
        "所在地_全国地方公共団体コード": 352080,
        "町字ID": null,
        "所在地_連結表記": "山口県岩国市周東町用田866",
        "所在地_都道府県": "山口県",
        "所在地_市区町村": "岩国市周東町用田866",
        "所在地_町字": null,
        "所在地_番地以下": null,
        "建物名等(方書)": null,
        "高度の種別": null,
        "高度の値": null,
        "電話番号": null,
        "内線番号": null,
        "連絡先メールアドレス": null,
        "連絡先FormURL": null,
        "連絡先備考（その他、SNSなど）": null,
        "郵便番号": null,
        "員数（数）": "1",
        "員数（単位）": "幅",
        "法人番号": 1250010000000.0,
        "所有者等": "（宗）極楽寺",
        "文化財指定日": "1985/10/29",
        "利用可能曜日": null,
        "開始時間": null,
        "終了時間": null,
        "利用可能日時特記事項": null,
        "画像": null,
        "画像_ライセンス": null,
        "概要": "「岩国市の文化財」参照",
        "概要_英語": null,
        "説明": null,
        "説明_英語": null,
        "URL": null,
        "備考": null
      }
    },
    {
      "type": "Feature",
      "geometry": {
        "type": "Point",
        "coordinates": [
          132.172646,
          34.168834
        ]
      },
      "properties": {
        "全国地方公共団体コード": 352080,
        "ID": 500029,
        "地方公共団体名": "山口県岩国市",
        "name": "金銅如来形坐像",
        "名称_カナ": "コンドウニョライギョウザゾウ",
        "名称_通称": null,
        "名称_英語": null,
        "文化財分類": "県指定有形文化財",
        "種類": "彫刻",
        "場所名称": null,
        "所在地_全国地方公共団体コード": 352080,
        "町字ID": null,
        "所在地_連結表記": "山口県岩国市横山1-10-31",
        "所在地_都道府県": "山口県",
        "所在地_市区町村": "岩国市横山1-10-31",
        "所在地_町字": null,
        "所在地_番地以下": null,
        "建物名等(方書)": null,
        "高度の種別": null,
        "高度の値": null,
        "電話番号": null,
        "内線番号": null,
        "連絡先メールアドレス": null,
        "連絡先FormURL": null,
        "連絡先備考（その他、SNSなど）": null,
        "郵便番号": null,
        "員数（数）": "1",
        "員数（単位）": "躯",
        "法人番号": 9250010000000.0,
        "所有者等": "（宗）洞泉寺",
        "文化財指定日": "1998/12/4",
        "利用可能曜日": null,
        "開始時間": null,
        "終了時間": null,
        "利用可能日時特記事項": null,
        "画像": null,
        "画像_ライセンス": null,
        "概要": "「岩国市の文化財」参照",
        "概要_英語": null,
        "説明": null,
        "説明_英語": null,
        "URL": null,
        "備考": null
      }
    },
    {
      "type": "Feature",
      "geometry": {
        "type": "Point",
        "coordinates": [
          132.219164,
          34.166745
        ]
      },
      "properties": {
        "全国地方公共団体コード": 352080,
        "ID": 500030,
        "地方公共団体名": "山口県岩国市",
        "name": "木造薬師如来立像",
        "名称_カナ": "モクゾウヤクシニョライリュウゾウ",
        "名称_通称": null,
        "名称_英語": null,
        "文化財分類": "県指定有形文化財",
        "種類": "彫刻",
        "場所名称": null,
        "所在地_全国地方公共団体コード": 352080,
        "町字ID": null,
        "所在地_連結表記": "山口県岩国市本郷町本郷1473",
        "所在地_都道府県": "山口県",
        "所在地_市区町村": "岩国市本郷町本郷1473",
        "所在地_町字": null,
        "所在地_番地以下": null,
        "建物名等(方書)": null,
        "高度の種別": null,
        "高度の値": null,
        "電話番号": null,
        "内線番号": null,
        "連絡先メールアドレス": null,
        "連絡先FormURL": null,
        "連絡先備考（その他、SNSなど）": null,
        "郵便番号": null,
        "員数（数）": "1",
        "員数（単位）": "躯",
        "法人番号": 1250010000000.0,
        "所有者等": "（宗）建立寺",
        "文化財指定日": "1966/6/10",
        "利用可能曜日": null,
        "開始時間": null,
        "終了時間": null,
        "利用可能日時特記事項": null,
        "画像": null,
        "画像_ライセンス": null,
        "概要": "「岩国市の文化財」参照",
        "概要_英語": null,
        "説明": null,
        "説明_英語": null,
        "URL": null,
        "備考": null
      }
    },
    {
      "type": "Feature",
      "geometry": {
        "type": "Point",
        "coordinates": [
          132.043541,
          34.058221
        ]
      },
      "properties": {
        "全国地方公共団体コード": 352080,
        "ID": 500031,
        "地方公共団体名": "山口県岩国市",
        "name": "木造不動明王立像",
        "名称_カナ": "モクゾウフドウミョウオウリュウゾウ",
        "名称_通称": null,
        "名称_英語": null,
        "文化財分類": "県指定有形文化財",
        "種類": "彫刻",
        "場所名称": null,
        "所在地_全国地方公共団体コード": 352080,
        "町字ID": null,
        "所在地_連結表記": "山口県岩国市周東町用田866",
        "所在地_都道府県": "山口県",
        "所在地_市区町村": "岩国市周東町用田866",
        "所在地_町字": null,
        "所在地_番地以下": null,
        "建物名等(方書)": null,
        "高度の種別": null,
        "高度の値": null,
        "電話番号": null,
        "内線番号": null,
        "連絡先メールアドレス": null,
        "連絡先FormURL": null,
        "連絡先備考（その他、SNSなど）": null,
        "郵便番号": null,
        "員数（数）": "1",
        "員数（単位）": "?",
        "法人番号": 1250010000000.0,
        "所有者等": "（宗）極楽寺",
        "文化財指定日": "1966/6/10",
        "利用可能曜日": null,
        "開始時間": null,
        "終了時間": null,
        "利用可能日時特記事項": null,
        "画像": null,
        "画像_ライセンス": null,
        "概要": "「岩国市の文化財」参照",
        "概要_英語": null,
        "説明": null,
        "説明_英語": null,
        "URL": null,
        "備考": null
      }
    },
    {
      "type": "Feature",
      "geometry": {
        "type": "Point",
        "coordinates": [
          132.174826,
          34.171369
        ]
      },
      "properties": {
        "全国地方公共団体コード": 352080,
        "ID": 500032,
        "地方公共団体名": "山口県岩国市",
        "name": "藍韋威肩白紅胴丸",
        "名称_カナ": "アイカワオドシカタシロクレナイドウマル",
        "名称_通称": null,
        "名称_英語": null,
        "文化財分類": "県指定有形文化財",
        "種類": "工芸品",
        "場所名称": null,
        "所在地_全国地方公共団体コード": 352080,
        "町字ID": null,
        "所在地_連結表記": "山口県岩国市横山2-10-27",
        "所在地_都道府県": "山口県",
        "所在地_市区町村": "岩国市横山2-10-27",
        "所在地_町字": null,
        "所在地_番地以下": null,
        "建物名等(方書)": null,
        "高度の種別": null,
        "高度の値": null,
        "電話番号": "0827-41-0506",
        "内線番号": null,
        "連絡先メールアドレス": null,
        "連絡先FormURL": null,
        "連絡先備考（その他、SNSなど）": null,
        "郵便番号": null,
        "員数（数）": "1",
        "員数（単位）": "領",
        "法人番号": 3250010000000.0,
        "所有者等": "（公財）柏原美術館",
        "文化財指定日": "1967/7/4",
        "利用可能曜日": "特定日を除き無休",
        "開始時間": "9:00:00",
        "終了時間": "17:00:00",
        "利用可能日時特記事項": "12月～2月は16時閉館",
        "画像": null,
        "画像_ライセンス": null,
        "概要": "「岩国市の文化財」参照",
        "概要_英語": null,
        "説明": null,
        "説明_英語": null,
        "URL": "https://www.kashiwabara-museum.jp/",
        "備考": null
      }
    },
    {
      "type": "Feature",
      "geometry": {
        "type": "Point",
        "coordinates": [
          132.174826,
          34.171369
        ]
      },
      "properties": {
        "全国地方公共団体コード": 352080,
        "ID": 500033,
        "地方公共団体名": "山口県岩国市",
        "name": "色々威胴丸　広袖付",
        "名称_カナ": "イロイロオドシドウマル　ヒロソデツキ",
        "名称_通称": null,
        "名称_英語": null,
        "文化財分類": "県指定有形文化財",
        "種類": "工芸品",
        "場所名称": null,
        "所在地_全国地方公共団体コード": 352080,
        "町字ID": null,
        "所在地_連結表記": "山口県岩国市横山2-10-27",
        "所在地_都道府県": "山口県",
        "所在地_市区町村": "岩国市横山2-10-27",
        "所在地_町字": null,
        "所在地_番地以下": null,
        "建物名等(方書)": null,
        "高度の種別": null,
        "高度の値": null,
        "電話番号": "0827-41-0506",
        "内線番号": null,
        "連絡先メールアドレス": null,
        "連絡先FormURL": null,
        "連絡先備考（その他、SNSなど）": null,
        "郵便番号": null,
        "員数（数）": "1",
        "員数（単位）": "領",
        "法人番号": 3250010000000.0,
        "所有者等": "（公財）柏原美術館",
        "文化財指定日": "1967/7/4",
        "利用可能曜日": "特定日を除き無休",
        "開始時間": "9:00:00",
        "終了時間": "17:00:00",
        "利用可能日時特記事項": "12月～2月は16時閉館",
        "画像": null,
        "画像_ライセンス": null,
        "概要": "「岩国市の文化財」参照",
        "概要_英語": null,
        "説明": null,
        "説明_英語": null,
        "URL": "https://www.kashiwabara-museum.jp/",
        "備考": null
      }
    },
    {
      "type": "Feature",
      "geometry": {
        "type": "Point",
        "coordinates": [
          132.174826,
          34.171369
        ]
      },
      "properties": {
        "全国地方公共団体コード": 352080,
        "ID": 500034,
        "地方公共団体名": "山口県岩国市",
        "name": "小桜韋威胴丸　兜・大袖・替袖・頬当・喉輪・臑当付",
        "名称_カナ": "コザクラカワオドシドウマル　カブト・オオソデ・カエソデ・ホホアテ・ノドワ・スネアテツキ",
        "名称_通称": null,
        "名称_英語": null,
        "文化財分類": "県指定有形文化財",
        "種類": "工芸品",
        "場所名称": null,
        "所在地_全国地方公共団体コード": 352080,
        "町字ID": null,
        "所在地_連結表記": "山口県岩国市横山2-10-27",
        "所在地_都道府県": "山口県",
        "所在地_市区町村": "岩国市横山2-10-27",
        "所在地_町字": null,
        "所在地_番地以下": null,
        "建物名等(方書)": null,
        "高度の種別": null,
        "高度の値": null,
        "電話番号": "0827-41-0506",
        "内線番号": null,
        "連絡先メールアドレス": null,
        "連絡先FormURL": null,
        "連絡先備考（その他、SNSなど）": null,
        "郵便番号": null,
        "員数（数）": "1",
        "員数（単位）": "領",
        "法人番号": 3250010000000.0,
        "所有者等": "（公財）柏原美術館",
        "文化財指定日": "1967/7/4",
        "利用可能曜日": "特定日を除き無休",
        "開始時間": "9:00:00",
        "終了時間": "17:00:00",
        "利用可能日時特記事項": "12月～2月は16時閉館",
        "画像": null,
        "画像_ライセンス": null,
        "概要": "「岩国市の文化財」参照",
        "概要_英語": null,
        "説明": null,
        "説明_英語": null,
        "URL": "https://www.kashiwabara-museum.jp/",
        "備考": null
      }
    },
    {
      "type": "Feature",
      "geometry": {
        "type": "Point",
        "coordinates": [
          132.174826,
          34.171369
        ]
      },
      "properties": {
        "全国地方公共団体コード": 352080,
        "ID": 500035,
        "地方公共団体名": "山口県岩国市",
        "name": "紺糸威肩紅腹巻　付　大袖",
        "名称_カナ": "コンイトオドシカタクレナイハラマキ　ツケタリ　オオソデ",
        "名称_通称": null,
        "名称_英語": null,
        "文化財分類": "県指定有形文化財",
        "種類": "工芸品",
        "場所名称": null,
        "所在地_全国地方公共団体コード": 352080,
        "町字ID": null,
        "所在地_連結表記": "山口県岩国市横山2-10-27",
        "所在地_都道府県": "山口県",
        "所在地_市区町村": "岩国市横山2-10-27",
        "所在地_町字": null,
        "所在地_番地以下": null,
        "建物名等(方書)": null,
        "高度の種別": null,
        "高度の値": null,
        "電話番号": "0827-41-0506",
        "内線番号": null,
        "連絡先メールアドレス": null,
        "連絡先FormURL": null,
        "連絡先備考（その他、SNSなど）": null,
        "郵便番号": null,
        "員数（数）": "1",
        "員数（単位）": "領",
        "法人番号": 3250010000000.0,
        "所有者等": "（公財）柏原美術館",
        "文化財指定日": "1967/7/4",
        "利用可能曜日": "特定日を除き無休",
        "開始時間": "9:00:00",
        "終了時間": "17:00:00",
        "利用可能日時特記事項": "12月～2月は16時閉館",
        "画像": null,
        "画像_ライセンス": null,
        "概要": "「岩国市の文化財」参照",
        "概要_英語": null,
        "説明": null,
        "説明_英語": null,
        "URL": "https://www.kashiwabara-museum.jp/",
        "備考": null
      }
    },
    {
      "type": "Feature",
      "geometry": {
        "type": "Point",
        "coordinates": [
          132.174826,
          34.171369
        ]
      },
      "properties": {
        "全国地方公共団体コード": 352080,
        "ID": 500036,
        "地方公共団体名": "山口県岩国市",
        "name": "藍韋威肩櫨紅腹巻",
        "名称_カナ": "アイカワオドシカタハゼクレナイハラマキ",
        "名称_通称": null,
        "名称_英語": null,
        "文化財分類": "県指定有形文化財",
        "種類": "工芸品",
        "場所名称": null,
        "所在地_全国地方公共団体コード": 352080,
        "町字ID": null,
        "所在地_連結表記": "山口県岩国市横山2-10-27",
        "所在地_都道府県": "山口県",
        "所在地_市区町村": "岩国市横山2-10-27",
        "所在地_町字": null,
        "所在地_番地以下": null,
        "建物名等(方書)": null,
        "高度の種別": null,
        "高度の値": null,
        "電話番号": "0827-41-0506",
        "内線番号": null,
        "連絡先メールアドレス": null,
        "連絡先FormURL": null,
        "連絡先備考（その他、SNSなど）": null,
        "郵便番号": null,
        "員数（数）": "1",
        "員数（単位）": "領",
        "法人番号": 3250010000000.0,
        "所有者等": "（公財）柏原美術館",
        "文化財指定日": "1967/7/4",
        "利用可能曜日": "特定日を除き無休",
        "開始時間": "9:00:00",
        "終了時間": "17:00:00",
        "利用可能日時特記事項": "12月～2月は16時閉館",
        "画像": null,
        "画像_ライセンス": null,
        "概要": "「岩国市の文化財」参照",
        "概要_英語": null,
        "説明": null,
        "説明_英語": null,
        "URL": "https://www.kashiwabara-museum.jp/",
        "備考": null
      }
    },
    {
      "type": "Feature",
      "geometry": {
        "type": "Point",
        "coordinates": [
          132.174826,
          34.171369
        ]
      },
      "properties": {
        "全国地方公共団体コード": 352080,
        "ID": 500037,
        "地方公共団体名": "山口県岩国市",
        "name": "黒漆矢筈札浅葱糸素懸威腹当",
        "名称_カナ": "クロウルシヤハズザネアサギイトスガケオドシハラアテ",
        "名称_通称": null,
        "名称_英語": null,
        "文化財分類": "県指定有形文化財",
        "種類": "工芸品",
        "場所名称": null,
        "所在地_全国地方公共団体コード": 352080,
        "町字ID": null,
        "所在地_連結表記": "山口県岩国市横山2-10-27",
        "所在地_都道府県": "山口県",
        "所在地_市区町村": "岩国市横山2-10-27",
        "所在地_町字": null,
        "所在地_番地以下": null,
        "建物名等(方書)": null,
        "高度の種別": null,
        "高度の値": null,
        "電話番号": "0827-41-0506",
        "内線番号": null,
        "連絡先メールアドレス": null,
        "連絡先FormURL": null,
        "連絡先備考（その他、SNSなど）": null,
        "郵便番号": null,
        "員数（数）": "1",
        "員数（単位）": "領",
        "法人番号": 3250010000000.0,
        "所有者等": "（公財）柏原美術館",
        "文化財指定日": "1967/7/4",
        "利用可能曜日": "特定日を除き無休",
        "開始時間": "9:00:00",
        "終了時間": "17:00:00",
        "利用可能日時特記事項": "12月～2月は16時閉館",
        "画像": null,
        "画像_ライセンス": null,
        "概要": "「岩国市の文化財」参照",
        "概要_英語": null,
        "説明": null,
        "説明_英語": null,
        "URL": "https://www.kashiwabara-museum.jp/",
        "備考": null
      }
    },
    {
      "type": "Feature",
      "geometry": {
        "type": "Point",
        "coordinates": [
          132.174826,
          34.171369
        ]
      },
      "properties": {
        "全国地方公共団体コード": 352080,
        "ID": 500038,
        "地方公共団体名": "山口県岩国市",
        "name": "鉄錆地三十六間星兜鉢",
        "名称_カナ": "テツサビヂサンジュウロッケンホシカブトバチ",
        "名称_通称": null,
        "名称_英語": null,
        "文化財分類": "県指定有形文化財",
        "種類": "工芸品",
        "場所名称": null,
        "所在地_全国地方公共団体コード": 352080,
        "町字ID": null,
        "所在地_連結表記": "山口県岩国市横山2-10-27",
        "所在地_都道府県": "山口県",
        "所在地_市区町村": "岩国市横山2-10-27",
        "所在地_町字": null,
        "所在地_番地以下": null,
        "建物名等(方書)": null,
        "高度の種別": null,
        "高度の値": null,
        "電話番号": "0827-41-0506",
        "内線番号": null,
        "連絡先メールアドレス": null,
        "連絡先FormURL": null,
        "連絡先備考（その他、SNSなど）": null,
        "郵便番号": null,
        "員数（数）": "1",
        "員数（単位）": "領",
        "法人番号": 3250010000000.0,
        "所有者等": "（公財）柏原美術館",
        "文化財指定日": "1967/7/4",
        "利用可能曜日": "特定日を除き無休",
        "開始時間": "9:00:00",
        "終了時間": "17:00:00",
        "利用可能日時特記事項": "12月～2月は16時閉館",
        "画像": null,
        "画像_ライセンス": null,
        "概要": "「岩国市の文化財」参照",
        "概要_英語": null,
        "説明": null,
        "説明_英語": null,
        "URL": "https://www.kashiwabara-museum.jp/",
        "備考": null
      }
    },
    {
      "type": "Feature",
      "geometry": {
        "type": "Point",
        "coordinates": [
          132.174826,
          34.171369
        ]
      },
      "properties": {
        "全国地方公共団体コード": 352080,
        "ID": 500039,
        "地方公共団体名": "山口県岩国市",
        "name": "鉄錆塗二十八間総覆輪筋兜鉢",
        "名称_カナ": "テツサビヌリニジュウハチケンソウフクリンスジカブトバチ",
        "名称_通称": null,
        "名称_英語": null,
        "文化財分類": "県指定有形文化財",
        "種類": "工芸品",
        "場所名称": null,
        "所在地_全国地方公共団体コード": 352080,
        "町字ID": null,
        "所在地_連結表記": "山口県岩国市横山2-10-27",
        "所在地_都道府県": "山口県",
        "所在地_市区町村": "岩国市横山2-10-27",
        "所在地_町字": null,
        "所在地_番地以下": null,
        "建物名等(方書)": null,
        "高度の種別": null,
        "高度の値": null,
        "電話番号": "0827-41-0506",
        "内線番号": null,
        "連絡先メールアドレス": null,
        "連絡先FormURL": null,
        "連絡先備考（その他、SNSなど）": null,
        "郵便番号": null,
        "員数（数）": "1",
        "員数（単位）": "領",
        "法人番号": 3250010000000.0,
        "所有者等": "（公財）柏原美術館",
        "文化財指定日": "1967/7/4",
        "利用可能曜日": "特定日を除き無休",
        "開始時間": "9:00:00",
        "終了時間": "17:00:00",
        "利用可能日時特記事項": "12月～2月は16時閉館",
        "画像": null,
        "画像_ライセンス": null,
        "概要": "「岩国市の文化財」参照",
        "概要_英語": null,
        "説明": null,
        "説明_英語": null,
        "URL": "https://www.kashiwabara-museum.jp/",
        "備考": null
      }
    },
    {
      "type": "Feature",
      "geometry": {
        "type": "Point",
        "coordinates": [
          132.174826,
          34.171369
        ]
      },
      "properties": {
        "全国地方公共団体コード": 352080,
        "ID": 500040,
        "地方公共団体名": "山口県岩国市",
        "name": "鉄黒漆二十二間総覆輪筋兜萌葱糸素懸威しころ",
        "名称_カナ": "テツクロウルシニジュウニケンソウフクリンスジカブトモエギイトスガケオドシシコロ",
        "名称_通称": null,
        "名称_英語": null,
        "文化財分類": "県指定有形文化財",
        "種類": "工芸品",
        "場所名称": null,
        "所在地_全国地方公共団体コード": 352080,
        "町字ID": null,
        "所在地_連結表記": "山口県岩国市横山2-10-27",
        "所在地_都道府県": "山口県",
        "所在地_市区町村": "岩国市横山2-10-27",
        "所在地_町字": null,
        "所在地_番地以下": null,
        "建物名等(方書)": null,
        "高度の種別": null,
        "高度の値": null,
        "電話番号": "0827-41-0506",
        "内線番号": null,
        "連絡先メールアドレス": null,
        "連絡先FormURL": null,
        "連絡先備考（その他、SNSなど）": null,
        "郵便番号": null,
        "員数（数）": "1",
        "員数（単位）": "領",
        "法人番号": 3250010000000.0,
        "所有者等": "（公財）柏原美術館",
        "文化財指定日": "1967/7/4",
        "利用可能曜日": "特定日を除き無休",
        "開始時間": "9:00:00",
        "終了時間": "17:00:00",
        "利用可能日時特記事項": "12月～2月は16時閉館",
        "画像": null,
        "画像_ライセンス": null,
        "概要": "「岩国市の文化財」参照",
        "概要_英語": null,
        "説明": null,
        "説明_英語": null,
        "URL": "https://www.kashiwabara-museum.jp/",
        "備考": null
      }
    },
    {
      "type": "Feature",
      "geometry": {
        "type": "Point",
        "coordinates": [
          132.174826,
          34.171369
        ]
      },
      "properties": {
        "全国地方公共団体コード": 352080,
        "ID": 500041,
        "地方公共団体名": "山口県岩国市",
        "name": "鉄黒漆三十四間総覆輪筋兜鉢",
        "名称_カナ": "テツクロウルシサンジュウシケンソウフクリンスジカブトバチ",
        "名称_通称": null,
        "名称_英語": null,
        "文化財分類": "県指定有形文化財",
        "種類": "工芸品",
        "場所名称": null,
        "所在地_全国地方公共団体コード": 352080,
        "町字ID": null,
        "所在地_連結表記": "山口県岩国市横山2-10-27",
        "所在地_都道府県": "山口県",
        "所在地_市区町村": "岩国市横山2-10-27",
        "所在地_町字": null,
        "所在地_番地以下": null,
        "建物名等(方書)": null,
        "高度の種別": null,
        "高度の値": null,
        "電話番号": "0827-41-0506",
        "内線番号": null,
        "連絡先メールアドレス": null,
        "連絡先FormURL": null,
        "連絡先備考（その他、SNSなど）": null,
        "郵便番号": null,
        "員数（数）": "1",
        "員数（単位）": "領",
        "法人番号": 3250010000000.0,
        "所有者等": "（公財）柏原美術館",
        "文化財指定日": "1967/7/4",
        "利用可能曜日": "特定日を除き無休",
        "開始時間": "9:00:00",
        "終了時間": "17:00:00",
        "利用可能日時特記事項": "12月～2月は16時閉館",
        "画像": null,
        "画像_ライセンス": null,
        "概要": "「岩国市の文化財」参照",
        "概要_英語": null,
        "説明": null,
        "説明_英語": null,
        "URL": "https://www.kashiwabara-museum.jp/",
        "備考": null
      }
    },
    {
      "type": "Feature",
      "geometry": {
        "type": "Point",
        "coordinates": [
          132.174826,
          34.171369
        ]
      },
      "properties": {
        "全国地方公共団体コード": 352080,
        "ID": 500042,
        "地方公共団体名": "山口県岩国市",
        "name": "鉄錆地十二間総覆輪筋兜鉢",
        "名称_カナ": "テツサビヂジュウニケンソウフクリンスジカブトバチ",
        "名称_通称": null,
        "名称_英語": null,
        "文化財分類": "県指定有形文化財",
        "種類": "工芸品",
        "場所名称": null,
        "所在地_全国地方公共団体コード": 352080,
        "町字ID": null,
        "所在地_連結表記": "山口県岩国市横山2-10-27",
        "所在地_都道府県": "山口県",
        "所在地_市区町村": "岩国市横山2-10-27",
        "所在地_町字": null,
        "所在地_番地以下": null,
        "建物名等(方書)": null,
        "高度の種別": null,
        "高度の値": null,
        "電話番号": "0827-41-0506",
        "内線番号": null,
        "連絡先メールアドレス": null,
        "連絡先FormURL": null,
        "連絡先備考（その他、SNSなど）": null,
        "郵便番号": null,
        "員数（数）": "1",
        "員数（単位）": "領",
        "法人番号": 3250010000000.0,
        "所有者等": "（公財）柏原美術館",
        "文化財指定日": "1967/7/4",
        "利用可能曜日": "特定日を除き無休",
        "開始時間": "9:00:00",
        "終了時間": "17:00:00",
        "利用可能日時特記事項": "12月～2月は16時閉館",
        "画像": null,
        "画像_ライセンス": null,
        "概要": "「岩国市の文化財」参照",
        "概要_英語": null,
        "説明": null,
        "説明_英語": null,
        "URL": "https://www.kashiwabara-museum.jp/",
        "備考": null
      }
    },
    {
      "type": "Feature",
      "geometry": {
        "type": "Point",
        "coordinates": [
          132.174826,
          34.171369
        ]
      },
      "properties": {
        "全国地方公共団体コード": 352080,
        "ID": 500043,
        "地方公共団体名": "山口県岩国市",
        "name": "鉄錆地六十四間筋兜鉢",
        "名称_カナ": "テツサビヂロクジュウシケンスジカブトバチ",
        "名称_通称": null,
        "名称_英語": null,
        "文化財分類": "県指定有形文化財",
        "種類": "工芸品",
        "場所名称": null,
        "所在地_全国地方公共団体コード": 352080,
        "町字ID": null,
        "所在地_連結表記": "山口県岩国市横山2-10-27",
        "所在地_都道府県": "山口県",
        "所在地_市区町村": "岩国市横山2-10-27",
        "所在地_町字": null,
        "所在地_番地以下": null,
        "建物名等(方書)": null,
        "高度の種別": null,
        "高度の値": null,
        "電話番号": "0827-41-0506",
        "内線番号": null,
        "連絡先メールアドレス": null,
        "連絡先FormURL": null,
        "連絡先備考（その他、SNSなど）": null,
        "郵便番号": null,
        "員数（数）": "1",
        "員数（単位）": "領",
        "法人番号": 3250010000000.0,
        "所有者等": "（公財）柏原美術館",
        "文化財指定日": "1967/7/4",
        "利用可能曜日": "特定日を除き無休",
        "開始時間": "9:00:00",
        "終了時間": "17:00:00",
        "利用可能日時特記事項": "12月～2月は16時閉館",
        "画像": null,
        "画像_ライセンス": null,
        "概要": "「岩国市の文化財」参照",
        "概要_英語": null,
        "説明": null,
        "説明_英語": null,
        "URL": "https://www.kashiwabara-museum.jp/",
        "備考": null
      }
    },
    {
      "type": "Feature",
      "geometry": {
        "type": "Point",
        "coordinates": [
          132.093018,
          34.220909
        ]
      },
      "properties": {
        "全国地方公共団体コード": 352080,
        "ID": 500044,
        "地方公共団体名": "山口県岩国市",
        "name": "生見の鉄燈籠",
        "名称_カナ": "イキミノテツトウロウ",
        "名称_通称": null,
        "名称_英語": null,
        "文化財分類": "県指定有形文化財",
        "種類": "工芸品",
        "場所名称": null,
        "所在地_全国地方公共団体コード": 352080,
        "町字ID": null,
        "所在地_連結表記": "山口県岩国市美和町渋前1846",
        "所在地_都道府県": "山口県",
        "所在地_市区町村": "岩国市美和町渋前1846",
        "所在地_町字": null,
        "所在地_番地以下": null,
        "建物名等(方書)": null,
        "高度の種別": null,
        "高度の値": null,
        "電話番号": null,
        "内線番号": null,
        "連絡先メールアドレス": null,
        "連絡先FormURL": null,
        "連絡先備考（その他、SNSなど）": null,
        "郵便番号": null,
        "員数（数）": "1",
        "員数（単位）": "基",
        "法人番号": null,
        "所有者等": "個人",
        "文化財指定日": "1976/3/16",
        "利用可能曜日": null,
        "開始時間": null,
        "終了時間": null,
        "利用可能日時特記事項": null,
        "画像": null,
        "画像_ライセンス": null,
        "概要": "「岩国市の文化財」参照",
        "概要_英語": null,
        "説明": null,
        "説明_英語": null,
        "URL": null,
        "備考": null
      }
    },
    {
      "type": "Feature",
      "geometry": {
        "type": "Point",
        "coordinates": [
          132.04849,
          34.436437
        ]
      },
      "properties": {
        "全国地方公共団体コード": 352080,
        "ID": 500045,
        "地方公共団体名": "山口県岩国市",
        "name": "宇佐の鉄燈籠",
        "名称_カナ": "ウサノテツトウロウ",
        "名称_通称": null,
        "名称_英語": null,
        "文化財分類": "県指定有形文化財",
        "種類": "工芸品",
        "場所名称": null,
        "所在地_全国地方公共団体コード": 352080,
        "町字ID": null,
        "所在地_連結表記": "山口県岩国市錦町宇佐（宇佐八幡宮境内）",
        "所在地_都道府県": "山口県",
        "所在地_市区町村": "岩国市錦町宇佐（宇佐八幡宮境内）",
        "所在地_町字": null,
        "所在地_番地以下": null,
        "建物名等(方書)": null,
        "高度の種別": null,
        "高度の値": null,
        "電話番号": null,
        "内線番号": null,
        "連絡先メールアドレス": null,
        "連絡先FormURL": null,
        "連絡先備考（その他、SNSなど）": null,
        "郵便番号": null,
        "員数（数）": "1",
        "員数（単位）": "基",
        "法人番号": 7250010000000.0,
        "所有者等": "（宗）八幡宮　（宇佐八幡宮）",
        "文化財指定日": "1976/3/16",
        "利用可能曜日": null,
        "開始時間": null,
        "終了時間": null,
        "利用可能日時特記事項": null,
        "画像": null,
        "画像_ライセンス": null,
        "概要": "「岩国市の文化財」参照",
        "概要_英語": null,
        "説明": null,
        "説明_英語": null,
        "URL": null,
        "備考": null
      }
    },
    {
      "type": "Feature",
      "geometry": {
        "type": "Point",
        "coordinates": [
          132.043541,
          34.058221
        ]
      },
      "properties": {
        "全国地方公共団体コード": 352080,
        "ID": 500046,
        "地方公共団体名": "山口県岩国市",
        "name": "銅鐘",
        "名称_カナ": "ドウショウ",
        "名称_通称": null,
        "名称_英語": null,
        "文化財分類": "県指定有形文化財",
        "種類": "工芸品",
        "場所名称": null,
        "所在地_全国地方公共団体コード": 352080,
        "町字ID": null,
        "所在地_連結表記": "山口県岩国市周東町用田866",
        "所在地_都道府県": "山口県",
        "所在地_市区町村": "岩国市周東町用田866",
        "所在地_町字": null,
        "所在地_番地以下": null,
        "建物名等(方書)": null,
        "高度の種別": null,
        "高度の値": null,
        "電話番号": null,
        "内線番号": null,
        "連絡先メールアドレス": null,
        "連絡先FormURL": null,
        "連絡先備考（その他、SNSなど）": null,
        "郵便番号": null,
        "員数（数）": "1",
        "員数（単位）": "口",
        "法人番号": 1250010000000.0,
        "所有者等": "（宗）極楽寺",
        "文化財指定日": "1966/6/10",
        "利用可能曜日": null,
        "開始時間": null,
        "終了時間": null,
        "利用可能日時特記事項": null,
        "画像": null,
        "画像_ライセンス": null,
        "概要": "「岩国市の文化財」参照",
        "概要_英語": null,
        "説明": null,
        "説明_英語": null,
        "URL": null,
        "備考": null
      }
    },
    {
      "type": "Feature",
      "geometry": {
        "type": "Point",
        "coordinates": [
          132.17714,
          34.170967
        ]
      },
      "properties": {
        "全国地方公共団体コード": 352080,
        "ID": 500047,
        "地方公共団体名": "山口県岩国市",
        "name": "大内版　三重韻",
        "名称_カナ": "オオウチバン　サンジュウイン",
        "名称_通称": null,
        "名称_英語": null,
        "文化財分類": "県指定有形文化財",
        "種類": "典籍",
        "場所名称": null,
        "所在地_全国地方公共団体コード": 352080,
        "町字ID": null,
        "所在地_連結表記": "山口県岩国市横山2-7-19　（岩国徴古館）",
        "所在地_都道府県": "山口県",
        "所在地_市区町村": "岩国市横山2-7-19　（岩国徴古館）",
        "所在地_町字": null,
        "所在地_番地以下": null,
        "建物名等(方書)": null,
        "高度の種別": null,
        "高度の値": null,
        "電話番号": "0827-41-0452",
        "内線番号": null,
        "連絡先メールアドレス": null,
        "連絡先FormURL": null,
        "連絡先備考（その他、SNSなど）": null,
        "郵便番号": null,
        "員数（数）": "5・1",
        "員数（単位）": "巻・冊",
        "法人番号": 1000020000000.0,
        "所有者等": "岩国市",
        "文化財指定日": "1976/11/24",
        "利用可能曜日": "月曜日休館",
        "開始時間": "9:00:00",
        "終了時間": "17:00:00",
        "利用可能日時特記事項": null,
        "画像": null,
        "画像_ライセンス": null,
        "概要": "「岩国市の文化財」参照",
        "概要_英語": null,
        "説明": null,
        "説明_英語": null,
        "URL": "https://www.city.iwakuni.lg.jp/",
        "備考": null
      }
    },
    {
      "type": "Feature",
      "geometry": {
        "type": "Point",
        "coordinates": [
          132.219164,
          34.166745
        ]
      },
      "properties": {
        "全国地方公共団体コード": 352080,
        "ID": 500048,
        "地方公共団体名": "山口県岩国市",
        "name": "旧栄福寺大般若経600帖　付　唐櫃三合",
        "名称_カナ": "キュウエイフクジダイハンニャキョウロッピャクジョウ　ツケタリ　カラビツサンゴウ",
        "名称_通称": null,
        "名称_英語": null,
        "文化財分類": "県指定有形文化財",
        "種類": "典籍",
        "場所名称": null,
        "所在地_全国地方公共団体コード": 352080,
        "町字ID": null,
        "所在地_連結表記": "山口県岩国市美和町生見中村1969",
        "所在地_都道府県": "山口県",
        "所在地_市区町村": "岩国市美和町生見中村1969",
        "所在地_町字": null,
        "所在地_番地以下": null,
        "建物名等(方書)": null,
        "高度の種別": null,
        "高度の値": null,
        "電話番号": null,
        "内線番号": null,
        "連絡先メールアドレス": null,
        "連絡先FormURL": null,
        "連絡先備考（その他、SNSなど）": null,
        "郵便番号": null,
        "員数（数）": "600・3",
        "員数（単位）": "帖・合",
        "法人番号": null,
        "所有者等": "中村地区",
        "文化財指定日": "1995/1/13",
        "利用可能曜日": null,
        "開始時間": null,
        "終了時間": null,
        "利用可能日時特記事項": null,
        "画像": null,
        "画像_ライセンス": null,
        "概要": "「岩国市の文化財」参照",
        "概要_英語": null,
        "説明": null,
        "説明_英語": null,
        "URL": null,
        "備考": null
      }
    },
    {
      "type": "Feature",
      "geometry": {
        "type": "Point",
        "coordinates": [
          131.952006,
          34.262268
        ]
      },
      "properties": {
        "全国地方公共団体コード": 352080,
        "ID": 500049,
        "地方公共団体名": "山口県岩国市",
        "name": "般若心経並びに神馬図板木",
        "名称_カナ": "ハンニャシンギョウナラビニシンメズハンギ",
        "名称_通称": null,
        "名称_英語": null,
        "文化財分類": "県指定有形文化財",
        "種類": "歴史資料",
        "場所名称": null,
        "所在地_全国地方公共団体コード": 352080,
        "町字ID": null,
        "所在地_連結表記": "山口県岩国市錦町広瀬1125（岩国市教育委員会錦支所）",
        "所在地_都道府県": "山口県",
        "所在地_市区町村": "岩国市錦町広瀬1125（岩国市教育委員会錦支所）",
        "所在地_町字": null,
        "所在地_番地以下": null,
        "建物名等(方書)": null,
        "高度の種別": null,
        "高度の値": null,
        "電話番号": null,
        "内線番号": null,
        "連絡先メールアドレス": null,
        "連絡先FormURL": null,
        "連絡先備考（その他、SNSなど）": null,
        "郵便番号": null,
        "員数（数）": "2",
        "員数（単位）": "面",
        "法人番号": null,
        "所有者等": "個人",
        "文化財指定日": "2004/4/2",
        "利用可能曜日": null,
        "開始時間": null,
        "終了時間": null,
        "利用可能日時特記事項": null,
        "画像": null,
        "画像_ライセンス": null,
        "概要": "「岩国市の文化財」参照",
        "概要_英語": null,
        "説明": null,
        "説明_英語": null,
        "URL": null,
        "備考": null
      }
    },
    {
      "type": "Feature",
      "geometry": {
        "type": "Point",
        "coordinates": [
          132.087208,
          34.099496
        ]
      },
      "properties": {
        "全国地方公共団体コード": 352080,
        "ID": 500050,
        "地方公共団体名": "山口県岩国市",
        "name": "木造扁額「八幡宮」",
        "名称_カナ": "モクゾウヘンガク「ハチマングウ」",
        "名称_通称": null,
        "名称_英語": null,
        "文化財分類": "県指定有形文化財",
        "種類": "歴史資料",
        "場所名称": null,
        "所在地_全国地方公共団体コード": 352080,
        "町字ID": null,
        "所在地_連結表記": "山口県岩国市玖珂町901-1",
        "所在地_都道府県": "山口県",
        "所在地_市区町村": "岩国市玖珂町901-1",
        "所在地_町字": null,
        "所在地_番地以下": null,
        "建物名等(方書)": null,
        "高度の種別": null,
        "高度の値": null,
        "電話番号": null,
        "内線番号": null,
        "連絡先メールアドレス": null,
        "連絡先FormURL": null,
        "連絡先備考（その他、SNSなど）": null,
        "郵便番号": null,
        "員数（数）": "1",
        "員数（単位）": "面",
        "法人番号": 8250010000000.0,
        "所有者等": "（宗）岩隈八幡宮",
        "文化財指定日": "2002/12/3",
        "利用可能曜日": null,
        "開始時間": null,
        "終了時間": null,
        "利用可能日時特記事項": null,
        "画像": null,
        "画像_ライセンス": null,
        "概要": "「岩国市の文化財」参照",
        "概要_英語": null,
        "説明": null,
        "説明_英語": null,
        "URL": null,
        "備考": null
      }
    },
    {
      "type": "Feature",
      "geometry": {
        "type": "Point",
        "coordinates": [
          132.219164,
          34.166745
        ]
      },
      "properties": {
        "全国地方公共団体コード": 352080,
        "ID": 500051,
        "地方公共団体名": "山口県岩国市",
        "name": "岩国南条踊",
        "名称_カナ": "イワクニナンジョウオドリ",
        "名称_通称": null,
        "名称_英語": null,
        "文化財分類": "県指定無形民俗文化財",
        "種類": null,
        "場所名称": null,
        "所在地_全国地方公共団体コード": 352080,
        "町字ID": null,
        "所在地_連結表記": "山口県岩国市",
        "所在地_都道府県": "山口県",
        "所在地_市区町村": "岩国市",
        "所在地_町字": null,
        "所在地_番地以下": null,
        "建物名等(方書)": null,
        "高度の種別": null,
        "高度の値": null,
        "電話番号": null,
        "内線番号": null,
        "連絡先メールアドレス": null,
        "連絡先FormURL": null,
        "連絡先備考（その他、SNSなど）": null,
        "郵便番号": null,
        "員数（数）": null,
        "員数（単位）": null,
        "法人番号": null,
        "所有者等": "岩国南条踊保存会",
        "文化財指定日": "1976/3/16",
        "利用可能曜日": null,
        "開始時間": null,
        "終了時間": null,
        "利用可能日時特記事項": null,
        "画像": null,
        "画像_ライセンス": null,
        "概要": "「岩国市の文化財」参照",
        "概要_英語": null,
        "説明": null,
        "説明_英語": null,
        "URL": null,
        "備考": null
      }
    },
    {
      "type": "Feature",
      "geometry": {
        "type": "Point",
        "coordinates": [
          132.093018,
          34.294177
        ]
      },
      "properties": {
        "全国地方公共団体コード": 352080,
        "ID": 500052,
        "地方公共団体名": "山口県岩国市",
        "name": "山代白羽神楽",
        "名称_カナ": "ヤマシロシラハカグラ",
        "名称_通称": null,
        "名称_英語": null,
        "文化財分類": "県指定無形民俗文化財",
        "種類": null,
        "場所名称": null,
        "所在地_全国地方公共団体コード": 352080,
        "町字ID": null,
        "所在地_連結表記": "山口県岩国市美和町北中山二ツ野",
        "所在地_都道府県": "山口県",
        "所在地_市区町村": "岩国市美和町北中山二ツ野",
        "所在地_町字": null,
        "所在地_番地以下": null,
        "建物名等(方書)": null,
        "高度の種別": null,
        "高度の値": null,
        "電話番号": null,
        "内線番号": null,
        "連絡先メールアドレス": null,
        "連絡先FormURL": null,
        "連絡先備考（その他、SNSなど）": null,
        "郵便番号": null,
        "員数（数）": null,
        "員数（単位）": null,
        "法人番号": null,
        "所有者等": "山代白羽神楽保存会",
        "文化財指定日": "1968/4/5",
        "利用可能曜日": null,
        "開始時間": null,
        "終了時間": null,
        "利用可能日時特記事項": null,
        "画像": null,
        "画像_ライセンス": null,
        "概要": "「岩国市の文化財」参照",
        "概要_英語": null,
        "説明": null,
        "説明_英語": null,
        "URL": null,
        "備考": null
      }
    },
    {
      "type": "Feature",
      "geometry": {
        "type": "Point",
        "coordinates": [
          132.043541,
          34.333281
        ]
      },
      "properties": {
        "全国地方公共団体コード": 352080,
        "ID": 500053,
        "地方公共団体名": "山口県岩国市",
        "name": "山代本谷神楽舞",
        "名称_カナ": "ヤマシロホンダニカグラマイ",
        "名称_通称": null,
        "名称_英語": null,
        "文化財分類": "県指定無形民俗文化財",
        "種類": null,
        "場所名称": null,
        "所在地_全国地方公共団体コード": 352080,
        "町字ID": null,
        "所在地_連結表記": "山口県岩国市本郷町本谷",
        "所在地_都道府県": "山口県",
        "所在地_市区町村": "岩国市本郷町本谷",
        "所在地_町字": null,
        "所在地_番地以下": null,
        "建物名等(方書)": null,
        "高度の種別": null,
        "高度の値": null,
        "電話番号": null,
        "内線番号": null,
        "連絡先メールアドレス": null,
        "連絡先FormURL": null,
        "連絡先備考（その他、SNSなど）": null,
        "郵便番号": null,
        "員数（数）": null,
        "員数（単位）": null,
        "法人番号": null,
        "所有者等": "山代神楽本谷保存会",
        "文化財指定日": "1968/4/5",
        "利用可能曜日": null,
        "開始時間": null,
        "終了時間": null,
        "利用可能日時特記事項": null,
        "画像": null,
        "画像_ライセンス": null,
        "概要": "「岩国市の文化財」参照",
        "概要_英語": null,
        "説明": null,
        "説明_英語": null,
        "URL": null,
        "備考": null
      }
    },
    {
      "type": "Feature",
      "geometry": {
        "type": "Point",
        "coordinates": [
          132.169618,
          34.048942
        ]
      },
      "properties": {
        "全国地方公共団体コード": 352080,
        "ID": 500054,
        "地方公共団体名": "山口県岩国市",
        "name": "由宇町清水の山ノ神祭り",
        "名称_カナ": "ユウチョウシミズノヤマノカミマツリ",
        "名称_通称": null,
        "名称_英語": null,
        "文化財分類": "県指定無形民俗文化財",
        "種類": null,
        "場所名称": null,
        "所在地_全国地方公共団体コード": 352080,
        "町字ID": null,
        "所在地_連結表記": "山口県岩国市由宇町清水",
        "所在地_都道府県": "山口県",
        "所在地_市区町村": "岩国市由宇町清水",
        "所在地_町字": null,
        "所在地_番地以下": null,
        "建物名等(方書)": null,
        "高度の種別": null,
        "高度の値": null,
        "電話番号": null,
        "内線番号": null,
        "連絡先メールアドレス": null,
        "連絡先FormURL": null,
        "連絡先備考（その他、SNSなど）": null,
        "郵便番号": null,
        "員数（数）": null,
        "員数（単位）": null,
        "法人番号": null,
        "所有者等": "山の神祭保存会",
        "文化財指定日": "1991/4/5",
        "利用可能曜日": null,
        "開始時間": null,
        "終了時間": null,
        "利用可能日時特記事項": null,
        "画像": null,
        "画像_ライセンス": null,
        "概要": "「岩国市の文化財」参照",
        "概要_英語": null,
        "説明": null,
        "説明_英語": null,
        "URL": null,
        "備考": null
      }
    },
    {
      "type": "Feature",
      "geometry": {
        "type": "Point",
        "coordinates": [
          132.170852,
          34.166423
        ]
      },
      "properties": {
        "全国地方公共団体コード": 352080,
        "ID": 500055,
        "地方公共団体名": "山口県岩国市",
        "name": "岩国藩主吉川家墓所",
        "名称_カナ": "イワクニハンシュキッカワケボショ",
        "名称_通称": null,
        "名称_英語": null,
        "文化財分類": "県指定史跡",
        "種類": null,
        "場所名称": null,
        "所在地_全国地方公共団体コード": 352080,
        "町字ID": null,
        "所在地_連結表記": "山口県岩国市横山1-256-2",
        "所在地_都道府県": "山口県",
        "所在地_市区町村": "岩国市横山1-256-2",
        "所在地_町字": null,
        "所在地_番地以下": null,
        "建物名等(方書)": null,
        "高度の種別": null,
        "高度の値": null,
        "電話番号": "0827-29-5116",
        "内線番号": null,
        "連絡先メールアドレス": null,
        "連絡先FormURL": null,
        "連絡先備考（その他、SNSなど）": null,
        "郵便番号": null,
        "員数（数）": null,
        "員数（単位）": null,
        "法人番号": 1000020000000.0,
        "所有者等": "岩国市",
        "文化財指定日": "1988/3/29",
        "利用可能曜日": null,
        "開始時間": null,
        "終了時間": null,
        "利用可能日時特記事項": null,
        "画像": null,
        "画像_ライセンス": null,
        "概要": "「岩国市の文化財」参照",
        "概要_英語": null,
        "説明": null,
        "説明_英語": null,
        "URL": "https://www.city.iwakuni.lg.jp/",
        "備考": null
      }
    },
    {
      "type": "Feature",
      "geometry": {
        "type": "Point",
        "coordinates": [
          132.083126,
          34.325799
        ]
      },
      "properties": {
        "全国地方公共団体コード": 352080,
        "ID": 500056,
        "地方公共団体名": "山口県岩国市",
        "name": "中ノ川山一里塚",
        "名称_カナ": "ナカノカワヤマイチリヅカ",
        "名称_通称": null,
        "名称_英語": null,
        "文化財分類": "県指定史跡",
        "種類": null,
        "場所名称": null,
        "所在地_全国地方公共団体コード": 352080,
        "町字ID": null,
        "所在地_連結表記": "山口県岩国市美和町秋掛字中の川2325番2",
        "所在地_都道府県": "山口県",
        "所在地_市区町村": "岩国市美和町秋掛字中の川2325番2",
        "所在地_町字": null,
        "所在地_番地以下": null,
        "建物名等(方書)": null,
        "高度の種別": null,
        "高度の値": null,
        "電話番号": null,
        "内線番号": null,
        "連絡先メールアドレス": null,
        "連絡先FormURL": null,
        "連絡先備考（その他、SNSなど）": null,
        "郵便番号": null,
        "員数（数）": null,
        "員数（単位）": null,
        "法人番号": null,
        "所有者等": "個人",
        "文化財指定日": "2002/12/3",
        "利用可能曜日": null,
        "開始時間": null,
        "終了時間": null,
        "利用可能日時特記事項": null,
        "画像": null,
        "画像_ライセンス": null,
        "概要": "「岩国市の文化財」参照",
        "概要_英語": null,
        "説明": null,
        "説明_英語": null,
        "URL": null,
        "備考": null
      }
    },
    {
      "type": "Feature",
      "geometry": {
        "type": "Point",
        "coordinates": [
          132.182485,
          34.116734
        ]
      },
      "properties": {
        "全国地方公共団体コード": 352080,
        "ID": 500057,
        "地方公共団体名": "山口県岩国市",
        "name": "松巌院庭園",
        "名称_カナ": "ショウガンインテイエン",
        "名称_通称": null,
        "名称_英語": null,
        "文化財分類": "県指定名勝",
        "種類": null,
        "場所名称": null,
        "所在地_全国地方公共団体コード": 352080,
        "町字ID": null,
        "所在地_連結表記": "山口県岩国市藤生町五丁目24-6",
        "所在地_都道府県": "山口県",
        "所在地_市区町村": "岩国市藤生町五丁目24-6",
        "所在地_町字": null,
        "所在地_番地以下": null,
        "建物名等(方書)": null,
        "高度の種別": null,
        "高度の値": null,
        "電話番号": null,
        "内線番号": null,
        "連絡先メールアドレス": null,
        "連絡先FormURL": null,
        "連絡先備考（その他、SNSなど）": null,
        "郵便番号": null,
        "員数（数）": null,
        "員数（単位）": null,
        "法人番号": 9250010000000.0,
        "所有者等": "（宗）松巌院",
        "文化財指定日": "1995/12/19",
        "利用可能曜日": null,
        "開始時間": null,
        "終了時間": null,
        "利用可能日時特記事項": null,
        "画像": null,
        "画像_ライセンス": null,
        "概要": "「岩国市の文化財」参照",
        "概要_英語": null,
        "説明": null,
        "説明_英語": null,
        "URL": null,
        "備考": null
      }
    },
    {
      "type": "Feature",
      "geometry": {
        "type": "Point",
        "coordinates": [
          132.132567,
          34.250074
        ]
      },
      "properties": {
        "全国地方公共団体コード": 352080,
        "ID": 500058,
        "地方公共団体名": "山口県岩国市",
        "name": "弥栄峡",
        "名称_カナ": "ヤサカキョウ",
        "名称_通称": null,
        "名称_英語": null,
        "文化財分類": "県指定名勝",
        "種類": null,
        "場所名称": null,
        "所在地_全国地方公共団体コード": 352080,
        "町字ID": null,
        "所在地_連結表記": "山口県岩国市美和町岸根",
        "所在地_都道府県": "山口県",
        "所在地_市区町村": "岩国市美和町岸根",
        "所在地_町字": null,
        "所在地_番地以下": null,
        "建物名等(方書)": null,
        "高度の種別": null,
        "高度の値": null,
        "電話番号": null,
        "内線番号": null,
        "連絡先メールアドレス": null,
        "連絡先FormURL": null,
        "連絡先備考（その他、SNSなど）": null,
        "郵便番号": null,
        "員数（数）": null,
        "員数（単位）": null,
        "法人番号": 1000020000000.0,
        "所有者等": "岩国市",
        "文化財指定日": "1966/6/10",
        "利用可能曜日": null,
        "開始時間": null,
        "終了時間": null,
        "利用可能日時特記事項": null,
        "画像": null,
        "画像_ライセンス": null,
        "概要": "「岩国市の文化財」参照",
        "概要_英語": null,
        "説明": null,
        "説明_英語": null,
        "URL": null,
        "備考": null
      }
    },
    {
      "type": "Feature",
      "geometry": {
        "type": "Point",
        "coordinates": [
          132.04849,
          34.436437
        ]
      },
      "properties": {
        "全国地方公共団体コード": 352080,
        "ID": 500059,
        "地方公共団体名": "山口県岩国市",
        "name": "寂地峡",
        "名称_カナ": "ジャクチキョウ",
        "名称_通称": null,
        "名称_英語": null,
        "文化財分類": "県指定名勝",
        "種類": null,
        "場所名称": null,
        "所在地_全国地方公共団体コード": 352080,
        "町字ID": null,
        "所在地_連結表記": "山口県岩国市錦町宇佐",
        "所在地_都道府県": "山口県",
        "所在地_市区町村": "岩国市錦町宇佐",
        "所在地_町字": null,
        "所在地_番地以下": null,
        "建物名等(方書)": null,
        "高度の種別": null,
        "高度の値": null,
        "電話番号": "0827-29-5098",
        "内線番号": null,
        "連絡先メールアドレス": null,
        "連絡先FormURL": null,
        "連絡先備考（その他、SNSなど）": null,
        "郵便番号": null,
        "員数（数）": null,
        "員数（単位）": null,
        "法人番号": 1000020000000.0,
        "所有者等": "岩国市",
        "文化財指定日": "1966/6/10",
        "利用可能曜日": null,
        "開始時間": null,
        "終了時間": null,
        "利用可能日時特記事項": null,
        "画像": null,
        "画像_ライセンス": null,
        "概要": "「岩国市の文化財」参照",
        "概要_英語": null,
        "説明": null,
        "説明_英語": null,
        "URL": "https://www.city.iwakuni.lg.jp/",
        "備考": null
      }
    },
    {
      "type": "Feature",
      "geometry": {
        "type": "Point",
        "coordinates": [
          132.057601,
          34.156237
        ]
      },
      "properties": {
        "全国地方公共団体コード": 352080,
        "ID": 500060,
        "地方公共団体名": "山口県岩国市",
        "name": "岩国市二鹿のシャクナゲ群生地",
        "名称_カナ": "イワクニシフタシカノシャクナゲグンセイチ",
        "名称_通称": null,
        "名称_英語": null,
        "文化財分類": "県指定天然記念物",
        "種類": null,
        "場所名称": null,
        "所在地_全国地方公共団体コード": 352080,
        "町字ID": null,
        "所在地_連結表記": "山口県岩国市大字二鹿",
        "所在地_都道府県": "山口県",
        "所在地_市区町村": "岩国市大字二鹿",
        "所在地_町字": null,
        "所在地_番地以下": null,
        "建物名等(方書)": null,
        "高度の種別": null,
        "高度の値": null,
        "電話番号": null,
        "内線番号": null,
        "連絡先メールアドレス": null,
        "連絡先FormURL": null,
        "連絡先備考（その他、SNSなど）": null,
        "郵便番号": null,
        "員数（数）": null,
        "員数（単位）": null,
        "法人番号": null,
        "所有者等": "個人",
        "文化財指定日": "1971/1/12",
        "利用可能曜日": null,
        "開始時間": null,
        "終了時間": null,
        "利用可能日時特記事項": null,
        "画像": null,
        "画像_ライセンス": null,
        "概要": "「岩国市の文化財」参照",
        "概要_英語": null,
        "説明": null,
        "説明_英語": null,
        "URL": null,
        "備考": null
      }
    },
    {
      "type": "Feature",
      "geometry": {
        "type": "Point",
        "coordinates": [
          132.181962,
          34.073551
        ]
      },
      "properties": {
        "全国地方公共団体コード": 352080,
        "ID": 500061,
        "地方公共団体名": "山口県岩国市",
        "name": "通津のイヌマキ巨樹",
        "名称_カナ": "ツヅノイヌマキキョジュ",
        "名称_通称": null,
        "名称_英語": null,
        "文化財分類": "県指定天然記念物",
        "種類": null,
        "場所名称": null,
        "所在地_全国地方公共団体コード": 352080,
        "町字ID": null,
        "所在地_連結表記": "山口県岩国市大字通津",
        "所在地_都道府県": "山口県",
        "所在地_市区町村": "岩国市大字通津",
        "所在地_町字": null,
        "所在地_番地以下": null,
        "建物名等(方書)": null,
        "高度の種別": null,
        "高度の値": null,
        "電話番号": null,
        "内線番号": null,
        "連絡先メールアドレス": null,
        "連絡先FormURL": null,
        "連絡先備考（その他、SNSなど）": null,
        "郵便番号": null,
        "員数（数）": null,
        "員数（単位）": null,
        "法人番号": 5250010000000.0,
        "所有者等": "（宗）鉾八幡宮",
        "文化財指定日": "1979/12/4",
        "利用可能曜日": null,
        "開始時間": null,
        "終了時間": null,
        "利用可能日時特記事項": null,
        "画像": null,
        "画像_ライセンス": null,
        "概要": "「岩国市の文化財」参照",
        "概要_英語": null,
        "説明": null,
        "説明_英語": null,
        "URL": null,
        "備考": null
      }
    },
    {
      "type": "Feature",
      "geometry": {
        "type": "Point",
        "coordinates": [
          132.205409,
          34.156449
        ]
      },
      "properties": {
        "全国地方公共団体コード": 352080,
        "ID": 500062,
        "地方公共団体名": "山口県岩国市",
        "name": "岩国市楠町一丁目のクスノキ巨樹群",
        "名称_カナ": "イワクニシクスノキマチイッチョウメノクスノキキョジュグン",
        "名称_通称": null,
        "名称_英語": null,
        "文化財分類": "県指定天然記念物",
        "種類": null,
        "場所名称": null,
        "所在地_全国地方公共団体コード": 352080,
        "町字ID": null,
        "所在地_連結表記": "山口県岩国市楠町一丁目",
        "所在地_都道府県": "山口県",
        "所在地_市区町村": "岩国市楠町一丁目",
        "所在地_町字": null,
        "所在地_番地以下": null,
        "建物名等(方書)": null,
        "高度の種別": null,
        "高度の値": null,
        "電話番号": null,
        "内線番号": null,
        "連絡先メールアドレス": null,
        "連絡先FormURL": null,
        "連絡先備考（その他、SNSなど）": null,
        "郵便番号": null,
        "員数（数）": null,
        "員数（単位）": null,
        "法人番号": 2000010000000.0,
        "所有者等": "国土交通省",
        "文化財指定日": "1980/4/11",
        "利用可能曜日": null,
        "開始時間": null,
        "終了時間": null,
        "利用可能日時特記事項": null,
        "画像": null,
        "画像_ライセンス": null,
        "概要": "「岩国市の文化財」参照",
        "概要_英語": null,
        "説明": null,
        "説明_英語": null,
        "URL": null,
        "備考": null
      }
    },
    {
      "type": "Feature",
      "geometry": {
        "type": "Point",
        "coordinates": [
          132.219164,
          34.166745
        ]
      },
      "properties": {
        "全国地方公共団体コード": 352080,
        "ID": 500063,
        "地方公共団体名": "山口県岩国市",
        "name": "大原のシャクナゲ群生地",
        "名称_カナ": "オオハラノシャクナゲグンセイチ",
        "名称_通称": null,
        "名称_英語": null,
        "文化財分類": "県指定天然記念物",
        "種類": null,
        "場所名称": null,
        "所在地_全国地方公共団体コード": 352080,
        "町字ID": null,
        "所在地_連結表記": "山口県岩国市錦町大原",
        "所在地_都道府県": "山口県",
        "所在地_市区町村": "岩国市錦町大原",
        "所在地_町字": null,
        "所在地_番地以下": null,
        "建物名等(方書)": null,
        "高度の種別": null,
        "高度の値": null,
        "電話番号": "0827-29-5098",
        "内線番号": null,
        "連絡先メールアドレス": null,
        "連絡先FormURL": null,
        "連絡先備考（その他、SNSなど）": null,
        "郵便番号": null,
        "員数（数）": null,
        "員数（単位）": null,
        "法人番号": 1000020000000.0,
        "所有者等": "岩国市（管理者）",
        "文化財指定日": "1977/3/29",
        "利用可能曜日": null,
        "開始時間": null,
        "終了時間": null,
        "利用可能日時特記事項": null,
        "画像": null,
        "画像_ライセンス": null,
        "概要": "「岩国市の文化財」参照",
        "概要_英語": null,
        "説明": null,
        "説明_英語": null,
        "URL": "https://www.city.iwakuni.lg.jp/",
        "備考": null
      }
    },
    {
      "type": "Feature",
      "geometry": {
        "type": "Point",
        "coordinates": [
          132.04849,
          34.436437
        ]
      },
      "properties": {
        "全国地方公共団体コード": 352080,
        "ID": 500064,
        "地方公共団体名": "山口県岩国市",
        "name": "宇佐八幡宮のスギ巨樹群",
        "名称_カナ": "ウサハチマングウノスギキョジュグン",
        "名称_通称": null,
        "名称_英語": null,
        "文化財分類": "県指定天然記念物",
        "種類": null,
        "場所名称": null,
        "所在地_全国地方公共団体コード": 352080,
        "町字ID": null,
        "所在地_連結表記": "山口県岩国市錦町宇佐（宇佐八幡宮）",
        "所在地_都道府県": "山口県",
        "所在地_市区町村": "岩国市錦町宇佐（宇佐八幡宮）",
        "所在地_町字": null,
        "所在地_番地以下": null,
        "建物名等(方書)": null,
        "高度の種別": null,
        "高度の値": null,
        "電話番号": null,
        "内線番号": null,
        "連絡先メールアドレス": null,
        "連絡先FormURL": null,
        "連絡先備考（その他、SNSなど）": null,
        "郵便番号": null,
        "員数（数）": null,
        "員数（単位）": null,
        "法人番号": 7250010000000.0,
        "所有者等": "（宗）八幡宮　（宇佐八幡宮）",
        "文化財指定日": "1978/3/31",
        "利用可能曜日": null,
        "開始時間": null,
        "終了時間": null,
        "利用可能日時特記事項": null,
        "画像": null,
        "画像_ライセンス": null,
        "概要": "「岩国市の文化財」参照",
        "概要_英語": null,
        "説明": null,
        "説明_英語": null,
        "URL": null,
        "備考": null
      }
    },
    {
      "type": "Feature",
      "geometry": {
        "type": "Point",
        "coordinates": [
          132.17768,
          34.170454
        ]
      },
      "properties": {
        "全国地方公共団体コード": 352080,
        "ID": 500065,
        "地方公共団体名": "山口県岩国市",
        "name": "昌明館付属屋及び門",
        "名称_カナ": "ショウメイカンフゾクヤオヨビモン",
        "名称_通称": null,
        "名称_英語": null,
        "文化財分類": "市指定有形文化財",
        "種類": "建造物",
        "場所名称": null,
        "所在地_全国地方公共団体コード": 352080,
        "町字ID": null,
        "所在地_連結表記": "山口県岩国市横山2-7-3",
        "所在地_都道府県": "山口県",
        "所在地_市区町村": "岩国市横山2-7-3",
        "所在地_町字": null,
        "所在地_番地以下": null,
        "建物名等(方書)": null,
        "高度の種別": null,
        "高度の値": null,
        "電話番号": "0827-41-1010",
        "内線番号": null,
        "連絡先メールアドレス": null,
        "連絡先FormURL": null,
        "連絡先備考（その他、SNSなど）": null,
        "郵便番号": null,
        "員数（数）": "1",
        "員数（単位）": "棟",
        "法人番号": 1250010000000.0,
        "所有者等": "（公財）吉川報效会",
        "文化財指定日": "1995/10/11",
        "利用可能曜日": "水曜日休館",
        "開始時間": "9:00:00",
        "終了時間": "17:00:00",
        "利用可能日時特記事項": null,
        "画像": null,
        "画像_ライセンス": null,
        "概要": "「岩国市の文化財」参照",
        "概要_英語": null,
        "説明": null,
        "説明_英語": null,
        "URL": "https://www.kikkawa7.or.jp/",
        "備考": null
      }
    },
    {
      "type": "Feature",
      "geometry": {
        "type": "Point",
        "coordinates": [
          132.09451,
          34.253233
        ]
      },
      "properties": {
        "全国地方公共団体コード": 352080,
        "ID": 500066,
        "地方公共団体名": "山口県岩国市",
        "name": "生見八幡宮本殿",
        "名称_カナ": "イキミハチマングウホンデン",
        "名称_通称": null,
        "名称_英語": null,
        "文化財分類": "市指定有形文化財",
        "種類": "建造物",
        "場所名称": null,
        "所在地_全国地方公共団体コード": 352080,
        "町字ID": null,
        "所在地_連結表記": "山口県岩国市美和町生見2878",
        "所在地_都道府県": "山口県",
        "所在地_市区町村": "岩国市美和町生見2878",
        "所在地_町字": null,
        "所在地_番地以下": null,
        "建物名等(方書)": null,
        "高度の種別": null,
        "高度の値": null,
        "電話番号": null,
        "内線番号": null,
        "連絡先メールアドレス": null,
        "連絡先FormURL": null,
        "連絡先備考（その他、SNSなど）": null,
        "郵便番号": null,
        "員数（数）": "1",
        "員数（単位）": "棟",
        "法人番号": 8250010000000.0,
        "所有者等": "（宗）生見八幡宮",
        "文化財指定日": "1976/3/24",
        "利用可能曜日": null,
        "開始時間": null,
        "終了時間": null,
        "利用可能日時特記事項": null,
        "画像": null,
        "画像_ライセンス": null,
        "概要": "「岩国市の文化財」参照",
        "概要_英語": null,
        "説明": null,
        "説明_英語": null,
        "URL": null,
        "備考": null
      }
    },
    {
      "type": "Feature",
      "geometry": {
        "type": "Point",
        "coordinates": [
          132.068262,
          34.275127
        ]
      },
      "properties": {
        "全国地方公共団体コード": 352080,
        "ID": 500067,
        "地方公共団体名": "山口県岩国市",
        "name": "速田神社本殿",
        "名称_カナ": "ハヤタジンジャホンデン",
        "名称_通称": null,
        "名称_英語": null,
        "文化財分類": "市指定有形文化財",
        "種類": "建造物",
        "場所名称": null,
        "所在地_全国地方公共団体コード": 352080,
        "町字ID": null,
        "所在地_連結表記": "山口県岩国市美和町阿賀432",
        "所在地_都道府県": "山口県",
        "所在地_市区町村": "岩国市美和町阿賀432",
        "所在地_町字": null,
        "所在地_番地以下": null,
        "建物名等(方書)": null,
        "高度の種別": null,
        "高度の値": null,
        "電話番号": null,
        "内線番号": null,
        "連絡先メールアドレス": null,
        "連絡先FormURL": null,
        "連絡先備考（その他、SNSなど）": null,
        "郵便番号": null,
        "員数（数）": "1",
        "員数（単位）": "棟",
        "法人番号": 9250010000000.0,
        "所有者等": "（宗）速田神社",
        "文化財指定日": "1982/4/27",
        "利用可能曜日": null,
        "開始時間": null,
        "終了時間": null,
        "利用可能日時特記事項": null,
        "画像": null,
        "画像_ライセンス": null,
        "概要": "「岩国市の文化財」参照",
        "概要_英語": null,
        "説明": null,
        "説明_英語": null,
        "URL": null,
        "備考": null
      }
    },
    {
      "type": "Feature",
      "geometry": {
        "type": "Point",
        "coordinates": [
          132.219164,
          34.166745
        ]
      },
      "properties": {
        "全国地方公共団体コード": 352080,
        "ID": 500068,
        "地方公共団体名": "山口県岩国市",
        "name": "生見中村観音堂",
        "名称_カナ": "イキミナカムラカンノンドウ",
        "名称_通称": null,
        "名称_英語": null,
        "文化財分類": "市指定有形文化財",
        "種類": "建造物",
        "場所名称": null,
        "所在地_全国地方公共団体コード": 352080,
        "町字ID": null,
        "所在地_連結表記": "山口県岩国市美和町生見中村",
        "所在地_都道府県": "山口県",
        "所在地_市区町村": "岩国市美和町生見中村",
        "所在地_町字": null,
        "所在地_番地以下": null,
        "建物名等(方書)": null,
        "高度の種別": null,
        "高度の値": null,
        "電話番号": null,
        "内線番号": null,
        "連絡先メールアドレス": null,
        "連絡先FormURL": null,
        "連絡先備考（その他、SNSなど）": null,
        "郵便番号": null,
        "員数（数）": "1",
        "員数（単位）": "棟",
        "法人番号": null,
        "所有者等": "中村地区",
        "文化財指定日": "1995/3/3",
        "利用可能曜日": null,
        "開始時間": null,
        "終了時間": null,
        "利用可能日時特記事項": null,
        "画像": null,
        "画像_ライセンス": null,
        "概要": "「岩国市の文化財」参照",
        "概要_英語": null,
        "説明": null,
        "説明_英語": null,
        "URL": null,
        "備考": null
      }
    },
    {
      "type": "Feature",
      "geometry": {
        "type": "Point",
        "coordinates": [
          132.040448,
          34.294373
        ]
      },
      "properties": {
        "全国地方公共団体コード": 352080,
        "ID": 500069,
        "地方公共団体名": "山口県岩国市",
        "name": "石造五重層塔",
        "名称_カナ": "セキゾウゴジュウソウトウ",
        "名称_通称": null,
        "名称_英語": null,
        "文化財分類": "市指定有形文化財",
        "種類": "建造物",
        "場所名称": null,
        "所在地_全国地方公共団体コード": 352080,
        "町字ID": null,
        "所在地_連結表記": "山口県岩国市本郷町本郷3160-4",
        "所在地_都道府県": "山口県",
        "所在地_市区町村": "岩国市本郷町本郷3160-4",
        "所在地_町字": null,
        "所在地_番地以下": null,
        "建物名等(方書)": null,
        "高度の種別": null,
        "高度の値": null,
        "電話番号": null,
        "内線番号": null,
        "連絡先メールアドレス": null,
        "連絡先FormURL": null,
        "連絡先備考（その他、SNSなど）": null,
        "郵便番号": null,
        "員数（数）": "1",
        "員数（単位）": "基",
        "法人番号": 8250010000000.0,
        "所有者等": "（宗）品秀寺",
        "文化財指定日": "1987/3/12",
        "利用可能曜日": null,
        "開始時間": null,
        "終了時間": null,
        "利用可能日時特記事項": null,
        "画像": null,
        "画像_ライセンス": null,
        "概要": "「岩国市の文化財」参照",
        "概要_英語": null,
        "説明": null,
        "説明_英語": null,
        "URL": null,
        "備考": null
      }
    },
    {
      "type": "Feature",
      "geometry": {
        "type": "Point",
        "coordinates": [
          132.04849,
          34.436437
        ]
      },
      "properties": {
        "全国地方公共団体コード": 352080,
        "ID": 500070,
        "地方公共団体名": "山口県岩国市",
        "name": "宇佐八幡宮神殿",
        "名称_カナ": "ウサハチマングウシンデン",
        "名称_通称": null,
        "名称_英語": null,
        "文化財分類": "市指定有形文化財",
        "種類": "建造物",
        "場所名称": null,
        "所在地_全国地方公共団体コード": 352080,
        "町字ID": null,
        "所在地_連結表記": "山口県岩国市錦町宇佐（宇佐八幡宮）",
        "所在地_都道府県": "山口県",
        "所在地_市区町村": "岩国市錦町宇佐（宇佐八幡宮）",
        "所在地_町字": null,
        "所在地_番地以下": null,
        "建物名等(方書)": null,
        "高度の種別": null,
        "高度の値": null,
        "電話番号": null,
        "内線番号": null,
        "連絡先メールアドレス": null,
        "連絡先FormURL": null,
        "連絡先備考（その他、SNSなど）": null,
        "郵便番号": null,
        "員数（数）": "1",
        "員数（単位）": "棟",
        "法人番号": 7250010000000.0,
        "所有者等": "（宗）八幡宮　（宇佐八幡宮）",
        "文化財指定日": "1980/10/1",
        "利用可能曜日": null,
        "開始時間": null,
        "終了時間": null,
        "利用可能日時特記事項": null,
        "画像": null,
        "画像_ライセンス": null,
        "概要": "「岩国市の文化財」参照",
        "概要_英語": null,
        "説明": null,
        "説明_英語": null,
        "URL": null,
        "備考": null
      }
    },
    {
      "type": "Feature",
      "geometry": {
        "type": "Point",
        "coordinates": [
          131.929569,
          34.266477
        ]
      },
      "properties": {
        "全国地方公共団体コード": 352080,
        "ID": 500071,
        "地方公共団体名": "山口県岩国市",
        "name": "広瀬八幡宮神殿及び横町",
        "名称_カナ": "ヒロセハチマングウシンデンオヨビヨコチョウ",
        "名称_通称": null,
        "名称_英語": null,
        "文化財分類": "市指定有形文化財",
        "種類": "建造物",
        "場所名称": null,
        "所在地_全国地方公共団体コード": 352080,
        "町字ID": null,
        "所在地_連結表記": "山口県岩国市錦町広瀬（広瀬八幡宮）",
        "所在地_都道府県": "山口県",
        "所在地_市区町村": "岩国市錦町広瀬（広瀬八幡宮）",
        "所在地_町字": null,
        "所在地_番地以下": null,
        "建物名等(方書)": null,
        "高度の種別": null,
        "高度の値": null,
        "電話番号": null,
        "内線番号": null,
        "連絡先メールアドレス": null,
        "連絡先FormURL": null,
        "連絡先備考（その他、SNSなど）": null,
        "郵便番号": null,
        "員数（数）": "2",
        "員数（単位）": "棟",
        "法人番号": 6250010000000.0,
        "所有者等": "（宗）広瀬八幡宮",
        "文化財指定日": "1980/10/1",
        "利用可能曜日": null,
        "開始時間": null,
        "終了時間": null,
        "利用可能日時特記事項": null,
        "画像": null,
        "画像_ライセンス": null,
        "概要": "「岩国市の文化財」参照",
        "概要_英語": null,
        "説明": null,
        "説明_英語": null,
        "URL": null,
        "備考": null
      }
    },
    {
      "type": "Feature",
      "geometry": {
        "type": "Point",
        "coordinates": [
          132.051151,
          34.089797
        ]
      },
      "properties": {
        "全国地方公共団体コード": 352080,
        "ID": 500072,
        "地方公共団体名": "山口県岩国市",
        "name": "松林山受光寺鐘楼門",
        "名称_カナ": "ショウリンザンジュコウジショウロウモン",
        "名称_通称": null,
        "名称_英語": null,
        "文化財分類": "市指定有形文化財",
        "種類": "建造物",
        "場所名称": null,
        "所在地_全国地方公共団体コード": 352080,
        "町字ID": null,
        "所在地_連結表記": "山口県岩国市周東町下久原1259",
        "所在地_都道府県": "山口県",
        "所在地_市区町村": "岩国市周東町下久原1259",
        "所在地_町字": null,
        "所在地_番地以下": null,
        "建物名等(方書)": null,
        "高度の種別": null,
        "高度の値": null,
        "電話番号": null,
        "内線番号": null,
        "連絡先メールアドレス": null,
        "連絡先FormURL": null,
        "連絡先備考（その他、SNSなど）": null,
        "郵便番号": null,
        "員数（数）": "1",
        "員数（単位）": "棟",
        "法人番号": 5250010000000.0,
        "所有者等": "（宗）受光寺",
        "文化財指定日": "1995/8/21",
        "利用可能曜日": null,
        "開始時間": null,
        "終了時間": null,
        "利用可能日時特記事項": null,
        "画像": null,
        "画像_ライセンス": null,
        "概要": "「岩国市の文化財」参照",
        "概要_英語": null,
        "説明": null,
        "説明_英語": null,
        "URL": null,
        "備考": null
      }
    },
    {
      "type": "Feature",
      "geometry": {
        "type": "Point",
        "coordinates": [
          132.178259,
          34.174754
        ]
      },
      "properties": {
        "全国地方公共団体コード": 352080,
        "ID": 500073,
        "地方公共団体名": "山口県岩国市",
        "name": "仙鳥館",
        "名称_カナ": "センチョウカン",
        "名称_通称": null,
        "名称_英語": null,
        "文化財分類": "市指定有形文化財",
        "種類": "建造物",
        "場所名称": null,
        "所在地_全国地方公共団体コード": 352080,
        "町字ID": null,
        "所在地_連結表記": "山口県岩国市横山3-391-13",
        "所在地_都道府県": "山口県",
        "所在地_市区町村": "岩国市横山3-391-13",
        "所在地_町字": null,
        "所在地_番地以下": null,
        "建物名等(方書)": null,
        "高度の種別": null,
        "高度の値": null,
        "電話番号": "0827-41-1010",
        "内線番号": null,
        "連絡先メールアドレス": null,
        "連絡先FormURL": null,
        "連絡先備考（その他、SNSなど）": null,
        "郵便番号": null,
        "員数（数）": "1",
        "員数（単位）": "棟",
        "法人番号": 1250010000000.0,
        "所有者等": "（公財）吉川報效会",
        "文化財指定日": "2011/12/22",
        "利用可能曜日": "水曜日休館",
        "開始時間": "9:00:00",
        "終了時間": "17:00:00",
        "利用可能日時特記事項": null,
        "画像": null,
        "画像_ライセンス": null,
        "概要": "「岩国市の文化財」参照",
        "概要_英語": null,
        "説明": null,
        "説明_英語": null,
        "URL": "https://www.kikkawa7.or.jp/",
        "備考": null
      }
    },
    {
      "type": "Feature",
      "geometry": {
        "type": "Point",
        "coordinates": [
          132.046451,
          34.11189
        ]
      },
      "properties": {
        "全国地方公共団体コード": 352080,
        "ID": 500074,
        "地方公共団体名": "山口県岩国市",
        "name": "鮎原剣神社穹崇橋　付　神苑ニ関スル経費明細簿、神社昇格願書",
        "名称_カナ": "アユハラツルギジンジャキュウソウバシ　ツケタリ　シンエンニカンスルケイヒメイサイボ、ジンジャショウカクガンショ",
        "名称_通称": null,
        "名称_英語": null,
        "文化財分類": "市指定有形文化財",
        "種類": "建造物",
        "場所名称": null,
        "所在地_全国地方公共団体コード": 352080,
        "町字ID": null,
        "所在地_連結表記": "山口県岩国市周東町川上字鮎原",
        "所在地_都道府県": "山口県",
        "所在地_市区町村": "岩国市周東町川上字鮎原",
        "所在地_町字": null,
        "所在地_番地以下": null,
        "建物名等(方書)": null,
        "高度の種別": null,
        "高度の値": null,
        "電話番号": null,
        "内線番号": null,
        "連絡先メールアドレス": null,
        "連絡先FormURL": null,
        "連絡先備考（その他、SNSなど）": null,
        "郵便番号": null,
        "員数（数）": "1",
        "員数（単位）": "基",
        "法人番号": 2250010000000.0,
        "所有者等": "（宗）鮎原剣神社",
        "文化財指定日": "2018/4/19",
        "利用可能曜日": null,
        "開始時間": null,
        "終了時間": null,
        "利用可能日時特記事項": null,
        "画像": null,
        "画像_ライセンス": null,
        "概要": null,
        "概要_英語": null,
        "説明": null,
        "説明_英語": null,
        "URL": null,
        "備考": null
      }
    },
    {
      "type": "Feature",
      "geometry": {
        "type": "Point",
        "coordinates": [
          132.174826,
          34.171369
        ]
      },
      "properties": {
        "全国地方公共団体コード": 352080,
        "ID": 500075,
        "地方公共団体名": "山口県岩国市",
        "name": "川中島合戦図屏風",
        "名称_カナ": "カワナカジマカッセンズビョウブ",
        "名称_通称": null,
        "名称_英語": null,
        "文化財分類": "市指定有形文化財",
        "種類": "絵画",
        "場所名称": null,
        "所在地_全国地方公共団体コード": 352080,
        "町字ID": null,
        "所在地_連結表記": "山口県岩国市横山2-10-27",
        "所在地_都道府県": "山口県",
        "所在地_市区町村": "岩国市横山2-10-27",
        "所在地_町字": null,
        "所在地_番地以下": null,
        "建物名等(方書)": null,
        "高度の種別": null,
        "高度の値": null,
        "電話番号": "0827-41-0506",
        "内線番号": null,
        "連絡先メールアドレス": null,
        "連絡先FormURL": null,
        "連絡先備考（その他、SNSなど）": null,
        "郵便番号": null,
        "員数（数）": "8・半",
        "員数（単位）": "曲・双",
        "法人番号": 3250010000000.0,
        "所有者等": "（公財）柏原美術館",
        "文化財指定日": "1983/9/9",
        "利用可能曜日": "特定日を除き無休",
        "開始時間": "9:00:00",
        "終了時間": "17:00:00",
        "利用可能日時特記事項": "12月～2月は16時閉館",
        "画像": null,
        "画像_ライセンス": null,
        "概要": "「岩国市の文化財」参照",
        "概要_英語": null,
        "説明": null,
        "説明_英語": null,
        "URL": "https://www.kashiwabara-museum.jp/",
        "備考": null
      }
    },
    {
      "type": "Feature",
      "geometry": {
        "type": "Point",
        "coordinates": [
          132.174826,
          34.171369
        ]
      },
      "properties": {
        "全国地方公共団体コード": 352080,
        "ID": 500076,
        "地方公共団体名": "山口県岩国市",
        "name": "武田軍陣立図屏風",
        "名称_カナ": "タケダグンジンダテズビョウブ",
        "名称_通称": null,
        "名称_英語": null,
        "文化財分類": "市指定有形文化財",
        "種類": "絵画",
        "場所名称": null,
        "所在地_全国地方公共団体コード": 352080,
        "町字ID": null,
        "所在地_連結表記": "山口県岩国市横山2-10-27",
        "所在地_都道府県": "山口県",
        "所在地_市区町村": "岩国市横山2-10-27",
        "所在地_町字": null,
        "所在地_番地以下": null,
        "建物名等(方書)": null,
        "高度の種別": null,
        "高度の値": null,
        "電話番号": "0827-41-0506",
        "内線番号": null,
        "連絡先メールアドレス": null,
        "連絡先FormURL": null,
        "連絡先備考（その他、SNSなど）": null,
        "郵便番号": null,
        "員数（数）": "8・半",
        "員数（単位）": "曲・双",
        "法人番号": 3250010000000.0,
        "所有者等": "（公財）柏原美術館",
        "文化財指定日": "1983/9/9",
        "利用可能曜日": "特定日を除き無休",
        "開始時間": "9:00:00",
        "終了時間": "17:00:00",
        "利用可能日時特記事項": "12月～2月は16時閉館",
        "画像": null,
        "画像_ライセンス": null,
        "概要": "「岩国市の文化財」参照",
        "概要_英語": null,
        "説明": null,
        "説明_英語": null,
        "URL": "https://www.kashiwabara-museum.jp/",
        "備考": null
      }
    },
    {
      "type": "Feature",
      "geometry": {
        "type": "Point",
        "coordinates": [
          132.104004,
          34.163917
        ]
      },
      "properties": {
        "全国地方公共団体コード": 352080,
        "ID": 500077,
        "地方公共団体名": "山口県岩国市",
        "name": "紙本着色椎尾八幡宮縁起　付　紙本着色椎尾八幡宮縁起",
        "名称_カナ": "シホンチャクショクシイノウハチマングウエンギ　ツケタリ　シホンチャクショクシイノウハチマングウエンギ",
        "名称_通称": null,
        "名称_英語": null,
        "文化財分類": "市指定有形文化財",
        "種類": "絵画",
        "場所名称": null,
        "所在地_全国地方公共団体コード": 352080,
        "町字ID": null,
        "所在地_連結表記": "山口県岩国市大字角65",
        "所在地_都道府県": "山口県",
        "所在地_市区町村": "岩国市大字角65",
        "所在地_町字": null,
        "所在地_番地以下": null,
        "建物名等(方書)": null,
        "高度の種別": null,
        "高度の値": null,
        "電話番号": null,
        "内線番号": null,
        "連絡先メールアドレス": null,
        "連絡先FormURL": null,
        "連絡先備考（その他、SNSなど）": null,
        "郵便番号": null,
        "員数（数）": "各2",
        "員数（単位）": "巻",
        "法人番号": 1250010000000.0,
        "所有者等": "（宗）椎尾八幡宮",
        "文化財指定日": "1983/11/12",
        "利用可能曜日": null,
        "開始時間": null,
        "終了時間": null,
        "利用可能日時特記事項": null,
        "画像": null,
        "画像_ライセンス": null,
        "概要": "「岩国市の文化財」参照",
        "概要_英語": null,
        "説明": null,
        "説明_英語": null,
        "URL": null,
        "備考": null
      }
    },
    {
      "type": "Feature",
      "geometry": {
        "type": "Point",
        "coordinates": [
          132.043541,
          34.058221
        ]
      },
      "properties": {
        "全国地方公共団体コード": 352080,
        "ID": 500078,
        "地方公共団体名": "山口県岩国市",
        "name": "絹本着色光明曼荼羅",
        "名称_カナ": "ケンポンチャクショクコウミョウマンダラ",
        "名称_通称": null,
        "名称_英語": null,
        "文化財分類": "市指定有形文化財",
        "種類": "絵画",
        "場所名称": null,
        "所在地_全国地方公共団体コード": 352080,
        "町字ID": null,
        "所在地_連結表記": "山口県岩国市周東町用田866",
        "所在地_都道府県": "山口県",
        "所在地_市区町村": "岩国市周東町用田866",
        "所在地_町字": null,
        "所在地_番地以下": null,
        "建物名等(方書)": null,
        "高度の種別": null,
        "高度の値": null,
        "電話番号": null,
        "内線番号": null,
        "連絡先メールアドレス": null,
        "連絡先FormURL": null,
        "連絡先備考（その他、SNSなど）": null,
        "郵便番号": null,
        "員数（数）": "1",
        "員数（単位）": "幅",
        "法人番号": 1250010000000.0,
        "所有者等": "（宗）極楽寺",
        "文化財指定日": "1975/12/10",
        "利用可能曜日": null,
        "開始時間": null,
        "終了時間": null,
        "利用可能日時特記事項": null,
        "画像": null,
        "画像_ライセンス": null,
        "概要": "「岩国市の文化財」参照",
        "概要_英語": null,
        "説明": null,
        "説明_英語": null,
        "URL": null,
        "備考": null
      }
    },
    {
      "type": "Feature",
      "geometry": {
        "type": "Point",
        "coordinates": [
          132.088072,
          34.090047
        ]
      },
      "properties": {
        "全国地方公共団体コード": 352080,
        "ID": 500079,
        "地方公共団体名": "山口県岩国市",
        "name": "祥雲寺の紙本着色仏涅槃図",
        "名称_カナ": "ショウウンジノシホンチャクショクホトケネハンズ",
        "名称_通称": null,
        "名称_英語": null,
        "文化財分類": "市指定有形文化財",
        "種類": "絵画",
        "場所名称": null,
        "所在地_全国地方公共団体コード": 352080,
        "町字ID": null,
        "所在地_連結表記": "山口県岩国市玖珂町本郷原805",
        "所在地_都道府県": "山口県",
        "所在地_市区町村": "岩国市玖珂町本郷原805",
        "所在地_町字": null,
        "所在地_番地以下": null,
        "建物名等(方書)": null,
        "高度の種別": null,
        "高度の値": null,
        "電話番号": null,
        "内線番号": null,
        "連絡先メールアドレス": null,
        "連絡先FormURL": null,
        "連絡先備考（その他、SNSなど）": null,
        "郵便番号": null,
        "員数（数）": "1",
        "員数（単位）": "幅",
        "法人番号": 4250010000000.0,
        "所有者等": "（宗）祥雲寺",
        "文化財指定日": "2005/12/27",
        "利用可能曜日": null,
        "開始時間": null,
        "終了時間": null,
        "利用可能日時特記事項": null,
        "画像": null,
        "画像_ライセンス": null,
        "概要": "「岩国市の文化財」参照",
        "概要_英語": null,
        "説明": null,
        "説明_英語": null,
        "URL": null,
        "備考": null
      }
    },
    {
      "type": "Feature",
      "geometry": {
        "type": "Point",
        "coordinates": [
          132.186899,
          34.030216
        ]
      },
      "properties": {
        "全国地方公共団体コード": 352080,
        "ID": 500080,
        "地方公共団体名": "山口県岩国市",
        "name": "涅槃図",
        "名称_カナ": "ネハンズ",
        "名称_通称": null,
        "名称_英語": null,
        "文化財分類": "市指定有形文化財",
        "種類": "絵画",
        "場所名称": null,
        "所在地_全国地方公共団体コード": 352080,
        "町字ID": null,
        "所在地_連結表記": "山口県岩国市由宇町4884",
        "所在地_都道府県": "山口県",
        "所在地_市区町村": "岩国市由宇町4884",
        "所在地_町字": null,
        "所在地_番地以下": null,
        "建物名等(方書)": null,
        "高度の種別": null,
        "高度の値": null,
        "電話番号": null,
        "内線番号": null,
        "連絡先メールアドレス": null,
        "連絡先FormURL": null,
        "連絡先備考（その他、SNSなど）": null,
        "郵便番号": null,
        "員数（数）": "1",
        "員数（単位）": "幅",
        "法人番号": 8250010000000.0,
        "所有者等": "（宗）慈雲院",
        "文化財指定日": "1986/12/13",
        "利用可能曜日": null,
        "開始時間": null,
        "終了時間": null,
        "利用可能日時特記事項": null,
        "画像": null,
        "画像_ライセンス": null,
        "概要": "「岩国市の文化財」参照",
        "概要_英語": null,
        "説明": null,
        "説明_英語": null,
        "URL": null,
        "備考": null
      }
    },
    {
      "type": "Feature",
      "geometry": {
        "type": "Point",
        "coordinates": [
          132.215644,
          34.175902
        ]
      },
      "properties": {
        "全国地方公共団体コード": 352080,
        "ID": 500081,
        "地方公共団体名": "山口県岩国市",
        "name": "木造薬師如来座像",
        "名称_カナ": "モクゾウヤクシニョライザゾウ",
        "名称_通称": null,
        "名称_英語": null,
        "文化財分類": "市指定有形文化財",
        "種類": "彫刻",
        "場所名称": null,
        "所在地_全国地方公共団体コード": 352080,
        "町字ID": null,
        "所在地_連結表記": "山口県岩国市砂山町二丁目9-34",
        "所在地_都道府県": "山口県",
        "所在地_市区町村": "岩国市砂山町二丁目9-34",
        "所在地_町字": null,
        "所在地_番地以下": null,
        "建物名等(方書)": null,
        "高度の種別": null,
        "高度の値": null,
        "電話番号": null,
        "内線番号": null,
        "連絡先メールアドレス": null,
        "連絡先FormURL": null,
        "連絡先備考（その他、SNSなど）": null,
        "郵便番号": null,
        "員数（数）": "1",
        "員数（単位）": "躯",
        "法人番号": 3250010000000.0,
        "所有者等": "（宗）薬師院",
        "文化財指定日": "1970/8/14",
        "利用可能曜日": null,
        "開始時間": null,
        "終了時間": null,
        "利用可能日時特記事項": null,
        "画像": null,
        "画像_ライセンス": null,
        "概要": "「岩国市の文化財」参照",
        "概要_英語": null,
        "説明": null,
        "説明_英語": null,
        "URL": null,
        "備考": null
      }
    },
    {
      "type": "Feature",
      "geometry": {
        "type": "Point",
        "coordinates": [
          132.175501,
          34.161085
        ]
      },
      "properties": {
        "全国地方公共団体コード": 352080,
        "ID": 500082,
        "地方公共団体名": "山口県岩国市",
        "name": "木造力士像",
        "名称_カナ": "モクゾウリキシゾウ",
        "名称_通称": null,
        "名称_英語": null,
        "文化財分類": "市指定有形文化財",
        "種類": "彫刻",
        "場所名称": null,
        "所在地_全国地方公共団体コード": 352080,
        "町字ID": null,
        "所在地_連結表記": "山口県岩国市川西1-8-1",
        "所在地_都道府県": "山口県",
        "所在地_市区町村": "岩国市川西2-8-1",
        "所在地_町字": null,
        "所在地_番地以下": null,
        "建物名等(方書)": null,
        "高度の種別": null,
        "高度の値": null,
        "電話番号": null,
        "内線番号": null,
        "連絡先メールアドレス": null,
        "連絡先FormURL": null,
        "連絡先備考（その他、SNSなど）": null,
        "郵便番号": null,
        "員数（数）": "1",
        "員数（単位）": "躯",
        "法人番号": 8250010000000.0,
        "所有者等": "（宗）金正院",
        "文化財指定日": "1973/9/14",
        "利用可能曜日": null,
        "開始時間": null,
        "終了時間": null,
        "利用可能日時特記事項": null,
        "画像": null,
        "画像_ライセンス": null,
        "概要": "「岩国市の文化財」参照",
        "概要_英語": null,
        "説明": null,
        "説明_英語": null,
        "URL": null,
        "備考": null
      }
    },
    {
      "type": "Feature",
      "geometry": {
        "type": "Point",
        "coordinates": [
          132.088109,
          34.160948
        ]
      },
      "properties": {
        "全国地方公共団体コード": 352080,
        "ID": 500083,
        "地方公共団体名": "山口県岩国市",
        "name": "釈迦牟尼如来座像・阿難・迦葉と十六羅漢",
        "名称_カナ": "シャカムニニョライザゾウ・アナン・カショウトジュウロクラカン",
        "名称_通称": null,
        "名称_英語": null,
        "文化財分類": "市指定有形文化財",
        "種類": "彫刻",
        "場所名称": null,
        "所在地_全国地方公共団体コード": 352080,
        "町字ID": null,
        "所在地_連結表記": "山口県岩国市大字行波220",
        "所在地_都道府県": "山口県",
        "所在地_市区町村": "岩国市大字行波220",
        "所在地_町字": null,
        "所在地_番地以下": null,
        "建物名等(方書)": null,
        "高度の種別": null,
        "高度の値": null,
        "電話番号": null,
        "内線番号": null,
        "連絡先メールアドレス": null,
        "連絡先FormURL": null,
        "連絡先備考（その他、SNSなど）": null,
        "郵便番号": null,
        "員数（数）": "19",
        "員数（単位）": "躯",
        "法人番号": 2250010000000.0,
        "所有者等": "（宗）龍雲寺",
        "文化財指定日": "1973/10/23",
        "利用可能曜日": null,
        "開始時間": null,
        "終了時間": null,
        "利用可能日時特記事項": null,
        "画像": null,
        "画像_ライセンス": null,
        "概要": "「岩国市の文化財」参照",
        "概要_英語": null,
        "説明": null,
        "説明_英語": null,
        "URL": null,
        "備考": null
      }
    },
    {
      "type": "Feature",
      "geometry": {
        "type": "Point",
        "coordinates": [
          132.178259,
          34.174754
        ]
      },
      "properties": {
        "全国地方公共団体コード": 352080,
        "ID": 500084,
        "地方公共団体名": "山口県岩国市",
        "name": "鷺神社神楽面",
        "名称_カナ": "サギジンジャカグラメン",
        "名称_通称": null,
        "名称_英語": null,
        "文化財分類": "市指定有形文化財",
        "種類": "彫刻",
        "場所名称": null,
        "所在地_全国地方公共団体コード": 352080,
        "町字ID": null,
        "所在地_連結表記": "山口県岩国市横山三丁目",
        "所在地_都道府県": "山口県",
        "所在地_市区町村": "岩国市横山三丁目",
        "所在地_町字": null,
        "所在地_番地以下": null,
        "建物名等(方書)": null,
        "高度の種別": null,
        "高度の値": null,
        "電話番号": null,
        "内線番号": null,
        "連絡先メールアドレス": null,
        "連絡先FormURL": null,
        "連絡先備考（その他、SNSなど）": null,
        "郵便番号": null,
        "員数（数）": "4",
        "員数（単位）": "面",
        "法人番号": null,
        "所有者等": "鷺神社",
        "文化財指定日": "1977/4/11",
        "利用可能曜日": null,
        "開始時間": null,
        "終了時間": null,
        "利用可能日時特記事項": null,
        "画像": null,
        "画像_ライセンス": null,
        "概要": "「岩国市の文化財」参照",
        "概要_英語": null,
        "説明": null,
        "説明_英語": null,
        "URL": null,
        "備考": null
      }
    },
    {
      "type": "Feature",
      "geometry": {
        "type": "Point",
        "coordinates": [
          132.001281,
          34.244833
        ]
      },
      "properties": {
        "全国地方公共団体コード": 352080,
        "ID": 500085,
        "地方公共団体名": "山口県岩国市",
        "name": "五葉庵木造釈迦如来坐像",
        "名称_カナ": "ゴヨウアンモクゾウシャカニョライザゾウ",
        "名称_通称": null,
        "名称_英語": null,
        "文化財分類": "市指定有形文化財",
        "種類": "彫刻",
        "場所名称": null,
        "所在地_全国地方公共団体コード": 352080,
        "町字ID": null,
        "所在地_連結表記": "山口県岩国市美川町小川字小壁",
        "所在地_都道府県": "山口県",
        "所在地_市区町村": "岩国市美川町小川字小壁",
        "所在地_町字": null,
        "所在地_番地以下": null,
        "建物名等(方書)": null,
        "高度の種別": null,
        "高度の値": null,
        "電話番号": null,
        "内線番号": null,
        "連絡先メールアドレス": null,
        "連絡先FormURL": null,
        "連絡先備考（その他、SNSなど）": null,
        "郵便番号": null,
        "員数（数）": "1",
        "員数（単位）": "体",
        "法人番号": null,
        "所有者等": "小壁自治会",
        "文化財指定日": "1992/3/30",
        "利用可能曜日": null,
        "開始時間": null,
        "終了時間": null,
        "利用可能日時特記事項": null,
        "画像": null,
        "画像_ライセンス": null,
        "概要": "「岩国市の文化財」参照",
        "概要_英語": null,
        "説明": null,
        "説明_英語": null,
        "URL": null,
        "備考": null
      }
    },
    {
      "type": "Feature",
      "geometry": {
        "type": "Point",
        "coordinates": [
          132.001281,
          34.244833
        ]
      },
      "properties": {
        "全国地方公共団体コード": 352080,
        "ID": 500086,
        "地方公共団体名": "山口県岩国市",
        "name": "五葉庵木造阿難尊者立像及び　木造迦葉尊者立像",
        "名称_カナ": "ゴヨウアンモクゾウアナンソンジャリュウゾウオヨビモクゾウカヨウソンジャリュウゾウ",
        "名称_通称": null,
        "名称_英語": null,
        "文化財分類": "市指定有形文化財",
        "種類": "彫刻",
        "場所名称": null,
        "所在地_全国地方公共団体コード": 352080,
        "町字ID": null,
        "所在地_連結表記": "山口県岩国市美川町小川字小壁",
        "所在地_都道府県": "山口県",
        "所在地_市区町村": "岩国市美川町小川字小壁",
        "所在地_町字": null,
        "所在地_番地以下": null,
        "建物名等(方書)": null,
        "高度の種別": null,
        "高度の値": null,
        "電話番号": null,
        "内線番号": null,
        "連絡先メールアドレス": null,
        "連絡先FormURL": null,
        "連絡先備考（その他、SNSなど）": null,
        "郵便番号": null,
        "員数（数）": "2",
        "員数（単位）": "体",
        "法人番号": null,
        "所有者等": "小壁自治会",
        "文化財指定日": "1992/3/30",
        "利用可能曜日": null,
        "開始時間": null,
        "終了時間": null,
        "利用可能日時特記事項": null,
        "画像": null,
        "画像_ライセンス": null,
        "概要": "「岩国市の文化財」参照",
        "概要_英語": null,
        "説明": null,
        "説明_英語": null,
        "URL": null,
        "備考": null
      }
    },
    {
      "type": "Feature",
      "geometry": {
        "type": "Point",
        "coordinates": [
          132.09451,
          34.253233
        ]
      },
      "properties": {
        "全国地方公共団体コード": 352080,
        "ID": 500087,
        "地方公共団体名": "山口県岩国市",
        "name": "狛犬",
        "名称_カナ": "コマイヌ",
        "名称_通称": null,
        "名称_英語": null,
        "文化財分類": "市指定有形文化財",
        "種類": "彫刻",
        "場所名称": null,
        "所在地_全国地方公共団体コード": 352080,
        "町字ID": null,
        "所在地_連結表記": "山口県岩国市美和町生見2878",
        "所在地_都道府県": "山口県",
        "所在地_市区町村": "岩国市美和町生見2878",
        "所在地_町字": null,
        "所在地_番地以下": null,
        "建物名等(方書)": null,
        "高度の種別": null,
        "高度の値": null,
        "電話番号": null,
        "内線番号": null,
        "連絡先メールアドレス": null,
        "連絡先FormURL": null,
        "連絡先備考（その他、SNSなど）": null,
        "郵便番号": null,
        "員数（数）": "1",
        "員数（単位）": "対",
        "法人番号": 8250010000000.0,
        "所有者等": "（宗）生見八幡宮",
        "文化財指定日": "1976/3/24",
        "利用可能曜日": null,
        "開始時間": null,
        "終了時間": null,
        "利用可能日時特記事項": null,
        "画像": null,
        "画像_ライセンス": null,
        "概要": "「岩国市の文化財」参照",
        "概要_英語": null,
        "説明": null,
        "説明_英語": null,
        "URL": null,
        "備考": null
      }
    },
    {
      "type": "Feature",
      "geometry": {
        "type": "Point",
        "coordinates": [
          132.096581,
          34.224579
        ]
      },
      "properties": {
        "全国地方公共団体コード": 352080,
        "ID": 500088,
        "地方公共団体名": "山口県岩国市",
        "name": "随神像",
        "名称_カナ": "ズイジンゾウ",
        "名称_通称": null,
        "名称_英語": null,
        "文化財分類": "市指定有形文化財",
        "種類": "彫刻",
        "場所名称": null,
        "所在地_全国地方公共団体コード": 352080,
        "町字ID": null,
        "所在地_連結表記": "山口県岩国市美和町渋前208",
        "所在地_都道府県": "山口県",
        "所在地_市区町村": "岩国市美和町渋前208",
        "所在地_町字": null,
        "所在地_番地以下": null,
        "建物名等(方書)": null,
        "高度の種別": null,
        "高度の値": null,
        "電話番号": null,
        "内線番号": null,
        "連絡先メールアドレス": null,
        "連絡先FormURL": null,
        "連絡先備考（その他、SNSなど）": null,
        "郵便番号": null,
        "員数（数）": "1",
        "員数（単位）": "対",
        "法人番号": 2250010000000.0,
        "所有者等": "（宗）金郷八幡宮",
        "文化財指定日": "1976/3/24",
        "利用可能曜日": null,
        "開始時間": null,
        "終了時間": null,
        "利用可能日時特記事項": null,
        "画像": null,
        "画像_ライセンス": null,
        "概要": "「岩国市の文化財」参照",
        "概要_英語": null,
        "説明": null,
        "説明_英語": null,
        "URL": null,
        "備考": null
      }
    },
    {
      "type": "Feature",
      "geometry": {
        "type": "Point",
        "coordinates": [
          132.103085,
          34.225747
        ]
      },
      "properties": {
        "全国地方公共団体コード": 352080,
        "ID": 500089,
        "地方公共団体名": "山口県岩国市",
        "name": "薬師如来座像",
        "名称_カナ": "ヤクシニョライザゾウ",
        "名称_通称": null,
        "名称_英語": null,
        "文化財分類": "市指定有形文化財",
        "種類": "彫刻",
        "場所名称": null,
        "所在地_全国地方公共団体コード": 352080,
        "町字ID": null,
        "所在地_連結表記": "山口県岩国市美和町渋前510",
        "所在地_都道府県": "山口県",
        "所在地_市区町村": "岩国市美和町渋前510",
        "所在地_町字": null,
        "所在地_番地以下": null,
        "建物名等(方書)": null,
        "高度の種別": null,
        "高度の値": null,
        "電話番号": null,
        "内線番号": null,
        "連絡先メールアドレス": null,
        "連絡先FormURL": null,
        "連絡先備考（その他、SNSなど）": null,
        "郵便番号": null,
        "員数（数）": "1",
        "員数（単位）": "躯",
        "法人番号": 2250010000000.0,
        "所有者等": "（宗）東林寺",
        "文化財指定日": "1982/4/27",
        "利用可能曜日": null,
        "開始時間": null,
        "終了時間": null,
        "利用可能日時特記事項": null,
        "画像": null,
        "画像_ライセンス": null,
        "概要": "「岩国市の文化財」参照",
        "概要_英語": null,
        "説明": null,
        "説明_英語": null,
        "URL": null,
        "備考": null
      }
    },
    {
      "type": "Feature",
      "geometry": {
        "type": "Point",
        "coordinates": [
          132.093018,
          34.294177
        ]
      },
      "properties": {
        "全国地方公共団体コード": 352080,
        "ID": 500090,
        "地方公共団体名": "山口県岩国市",
        "name": "阿弥陀如来座像",
        "名称_カナ": "アミダニョライザゾウ",
        "名称_通称": null,
        "名称_英語": null,
        "文化財分類": "市指定有形文化財",
        "種類": "彫刻",
        "場所名称": null,
        "所在地_全国地方公共団体コード": 352080,
        "町字ID": null,
        "所在地_連結表記": "山口県岩国市美和町北中山",
        "所在地_都道府県": "山口県",
        "所在地_市区町村": "岩国市美和町北中山",
        "所在地_町字": null,
        "所在地_番地以下": null,
        "建物名等(方書)": null,
        "高度の種別": null,
        "高度の値": null,
        "電話番号": null,
        "内線番号": null,
        "連絡先メールアドレス": null,
        "連絡先FormURL": null,
        "連絡先備考（その他、SNSなど）": null,
        "郵便番号": null,
        "員数（数）": "1",
        "員数（単位）": "躯",
        "法人番号": null,
        "所有者等": "牛ケ多和集落",
        "文化財指定日": "1986/1/29",
        "利用可能曜日": null,
        "開始時間": null,
        "終了時間": null,
        "利用可能日時特記事項": null,
        "画像": null,
        "画像_ライセンス": null,
        "概要": "「岩国市の文化財」参照",
        "概要_英語": null,
        "説明": null,
        "説明_英語": null,
        "URL": null,
        "備考": null
      }
    },
    {
      "type": "Feature",
      "geometry": {
        "type": "Point",
        "coordinates": [
          132.004545,
          34.087727
        ]
      },
      "properties": {
        "全国地方公共団体コード": 352080,
        "ID": 500091,
        "地方公共団体名": "山口県岩国市",
        "name": "松月庵木造七観音菩薩坐像",
        "名称_カナ": "ショウゲツアンモクゾウシチカンノンボサツザゾウ",
        "名称_通称": null,
        "名称_英語": null,
        "文化財分類": "市指定有形文化財",
        "種類": "彫刻",
        "場所名称": null,
        "所在地_全国地方公共団体コード": 352080,
        "町字ID": null,
        "所在地_連結表記": "山口県岩国市美和町生見下長野",
        "所在地_都道府県": "山口県",
        "所在地_市区町村": "岩国市美和町生見下長野",
        "所在地_町字": null,
        "所在地_番地以下": null,
        "建物名等(方書)": null,
        "高度の種別": null,
        "高度の値": null,
        "電話番号": null,
        "内線番号": null,
        "連絡先メールアドレス": null,
        "連絡先FormURL": null,
        "連絡先備考（その他、SNSなど）": null,
        "郵便番号": null,
        "員数（数）": "7",
        "員数（単位）": "躯",
        "法人番号": null,
        "所有者等": "長野地区",
        "文化財指定日": "1988/6/6",
        "利用可能曜日": null,
        "開始時間": null,
        "終了時間": null,
        "利用可能日時特記事項": null,
        "画像": null,
        "画像_ライセンス": null,
        "概要": "「岩国市の文化財」参照",
        "概要_英語": null,
        "説明": null,
        "説明_英語": null,
        "URL": null,
        "備考": null
      }
    },
    {
      "type": "Feature",
      "geometry": {
        "type": "Point",
        "coordinates": [
          132.03546,
          34.26044
        ]
      },
      "properties": {
        "全国地方公共団体コード": 352080,
        "ID": 500092,
        "地方公共団体名": "山口県岩国市",
        "name": "木造地蔵菩薩半跏像",
        "名称_カナ": "モクゾウジゾウボサツハンカゾウ",
        "名称_通称": null,
        "名称_英語": null,
        "文化財分類": "市指定有形文化財",
        "種類": "彫刻",
        "場所名称": null,
        "所在地_全国地方公共団体コード": 352080,
        "町字ID": null,
        "所在地_連結表記": "山口県岩国市本郷町波野1474-1",
        "所在地_都道府県": "山口県",
        "所在地_市区町村": "岩国市本郷町波野1474-1",
        "所在地_町字": null,
        "所在地_番地以下": null,
        "建物名等(方書)": null,
        "高度の種別": null,
        "高度の値": null,
        "電話番号": null,
        "内線番号": null,
        "連絡先メールアドレス": null,
        "連絡先FormURL": null,
        "連絡先備考（その他、SNSなど）": null,
        "郵便番号": null,
        "員数（数）": "1",
        "員数（単位）": "躯",
        "法人番号": null,
        "所有者等": "波野地区",
        "文化財指定日": "1987/3/12",
        "利用可能曜日": null,
        "開始時間": null,
        "終了時間": null,
        "利用可能日時特記事項": null,
        "画像": null,
        "画像_ライセンス": null,
        "概要": "「岩国市の文化財」参照",
        "概要_英語": null,
        "説明": null,
        "説明_英語": null,
        "URL": null,
        "備考": null
      }
    },
    {
      "type": "Feature",
      "geometry": {
        "type": "Point",
        "coordinates": [
          131.984107,
          34.312414
        ]
      },
      "properties": {
        "全国地方公共団体コード": 352080,
        "ID": 500093,
        "地方公共団体名": "山口県岩国市",
        "name": "古版木「牛王文殊宝印」",
        "名称_カナ": "コハンギ「ゴオウモンジュホウイン」",
        "名称_通称": null,
        "名称_英語": null,
        "文化財分類": "市指定有形文化財",
        "種類": "彫刻",
        "場所名称": null,
        "所在地_全国地方公共団体コード": 352080,
        "町字ID": null,
        "所在地_連結表記": "山口県岩国市錦町深川",
        "所在地_都道府県": "山口県",
        "所在地_市区町村": "岩国市錦町深川",
        "所在地_町字": null,
        "所在地_番地以下": null,
        "建物名等(方書)": null,
        "高度の種別": null,
        "高度の値": null,
        "電話番号": null,
        "内線番号": null,
        "連絡先メールアドレス": null,
        "連絡先FormURL": null,
        "連絡先備考（その他、SNSなど）": null,
        "郵便番号": null,
        "員数（数）": "1",
        "員数（単位）": "面",
        "法人番号": 6250010000000.0,
        "所有者等": "（宗）深竜寺",
        "文化財指定日": "1975/10/8",
        "利用可能曜日": null,
        "開始時間": null,
        "終了時間": null,
        "利用可能日時特記事項": null,
        "画像": null,
        "画像_ライセンス": null,
        "概要": "「岩国市の文化財」参照",
        "概要_英語": null,
        "説明": null,
        "説明_英語": null,
        "URL": null,
        "備考": null
      }
    },
    {
      "type": "Feature",
      "geometry": {
        "type": "Point",
        "coordinates": [
          131.984107,
          34.312414
        ]
      },
      "properties": {
        "全国地方公共団体コード": 352080,
        "ID": 500094,
        "地方公共団体名": "山口県岩国市",
        "name": "木造文殊菩薩騎獅像",
        "名称_カナ": "モクゾウモンジュボサツキシゾウ",
        "名称_通称": null,
        "名称_英語": null,
        "文化財分類": "市指定有形文化財",
        "種類": "彫刻",
        "場所名称": null,
        "所在地_全国地方公共団体コード": 352080,
        "町字ID": null,
        "所在地_連結表記": "山口県岩国市錦町深川",
        "所在地_都道府県": "山口県",
        "所在地_市区町村": "岩国市錦町深川",
        "所在地_町字": null,
        "所在地_番地以下": null,
        "建物名等(方書)": null,
        "高度の種別": null,
        "高度の値": null,
        "電話番号": null,
        "内線番号": null,
        "連絡先メールアドレス": null,
        "連絡先FormURL": null,
        "連絡先備考（その他、SNSなど）": null,
        "郵便番号": null,
        "員数（数）": "1",
        "員数（単位）": "体",
        "法人番号": null,
        "所有者等": "明智庵　（小山地区）",
        "文化財指定日": "1984/12/10",
        "利用可能曜日": null,
        "開始時間": null,
        "終了時間": null,
        "利用可能日時特記事項": null,
        "画像": null,
        "画像_ライセンス": null,
        "概要": "「岩国市の文化財」参照",
        "概要_英語": null,
        "説明": null,
        "説明_英語": null,
        "URL": null,
        "備考": null
      }
    },
    {
      "type": "Feature",
      "geometry": {
        "type": "Point",
        "coordinates": [
          132.219164,
          34.166745
        ]
      },
      "properties": {
        "全国地方公共団体コード": 352080,
        "ID": 500095,
        "地方公共団体名": "山口県岩国市",
        "name": "木造聖観音菩薩座像",
        "名称_カナ": "モクゾウセイカンノンボサツザゾウ",
        "名称_通称": null,
        "名称_英語": null,
        "文化財分類": "市指定有形文化財",
        "種類": "彫刻",
        "場所名称": null,
        "所在地_全国地方公共団体コード": 352080,
        "町字ID": null,
        "所在地_連結表記": "山口県岩国市錦町大原",
        "所在地_都道府県": "山口県",
        "所在地_市区町村": "岩国市錦町大原",
        "所在地_町字": null,
        "所在地_番地以下": null,
        "建物名等(方書)": null,
        "高度の種別": null,
        "高度の値": null,
        "電話番号": null,
        "内線番号": null,
        "連絡先メールアドレス": null,
        "連絡先FormURL": null,
        "連絡先備考（その他、SNSなど）": null,
        "郵便番号": null,
        "員数（数）": "1",
        "員数（単位）": "体",
        "法人番号": 5250010000000.0,
        "所有者等": "（宗）浄林寺",
        "文化財指定日": "1984/12/10",
        "利用可能曜日": null,
        "開始時間": null,
        "終了時間": null,
        "利用可能日時特記事項": null,
        "画像": null,
        "画像_ライセンス": null,
        "概要": "「岩国市の文化財」参照",
        "概要_英語": null,
        "説明": null,
        "説明_英語": null,
        "URL": null,
        "備考": null
      }
    },
    {
      "type": "Feature",
      "geometry": {
        "type": "Point",
        "coordinates": [
          131.929569,
          34.266477
        ]
      },
      "properties": {
        "全国地方公共団体コード": 352080,
        "ID": 500096,
        "地方公共団体名": "山口県岩国市",
        "name": "木造三十三体観音像",
        "名称_カナ": "モクゾウサンジュウサンタイカンノンゾウ",
        "名称_通称": null,
        "名称_英語": null,
        "文化財分類": "市指定有形文化財",
        "種類": "彫刻",
        "場所名称": null,
        "所在地_全国地方公共団体コード": 352080,
        "町字ID": null,
        "所在地_連結表記": "山口県岩国市錦町渋谷",
        "所在地_都道府県": "山口県",
        "所在地_市区町村": "岩国市錦町渋谷",
        "所在地_町字": null,
        "所在地_番地以下": null,
        "建物名等(方書)": null,
        "高度の種別": null,
        "高度の値": null,
        "電話番号": null,
        "内線番号": null,
        "連絡先メールアドレス": null,
        "連絡先FormURL": null,
        "連絡先備考（その他、SNSなど）": null,
        "郵便番号": null,
        "員数（数）": "1",
        "員数（単位）": "体",
        "法人番号": null,
        "所有者等": "渋谷地区",
        "文化財指定日": "1984/12/10",
        "利用可能曜日": null,
        "開始時間": null,
        "終了時間": null,
        "利用可能日時特記事項": null,
        "画像": null,
        "画像_ライセンス": null,
        "概要": "「岩国市の文化財」参照",
        "概要_英語": null,
        "説明": null,
        "説明_英語": null,
        "URL": null,
        "備考": null
      }
    },
    {
      "type": "Feature",
      "geometry": {
        "type": "Point",
        "coordinates": [
          132.144254,
          34.072666
        ]
      },
      "properties": {
        "全国地方公共団体コード": 352080,
        "ID": 500097,
        "地方公共団体名": "山口県岩国市",
        "name": "木造十一面観音菩薩立像",
        "名称_カナ": "モクゾウジュウイチメンカンノンボサツリュウゾウ",
        "名称_通称": null,
        "名称_英語": null,
        "文化財分類": "市指定有形文化財",
        "種類": "彫刻",
        "場所名称": null,
        "所在地_全国地方公共団体コード": 352080,
        "町字ID": null,
        "所在地_連結表記": "山口県岩国市周東町祖生1732",
        "所在地_都道府県": "山口県",
        "所在地_市区町村": "岩国市周東町祖生1732",
        "所在地_町字": null,
        "所在地_番地以下": null,
        "建物名等(方書)": null,
        "高度の種別": null,
        "高度の値": null,
        "電話番号": null,
        "内線番号": null,
        "連絡先メールアドレス": null,
        "連絡先FormURL": null,
        "連絡先備考（その他、SNSなど）": null,
        "郵便番号": null,
        "員数（数）": "1",
        "員数（単位）": "?",
        "法人番号": 5250010000000.0,
        "所有者等": "（宗）長宝寺",
        "文化財指定日": "1975/7/9",
        "利用可能曜日": null,
        "開始時間": null,
        "終了時間": null,
        "利用可能日時特記事項": null,
        "画像": null,
        "画像_ライセンス": null,
        "概要": "「岩国市の文化財」参照",
        "概要_英語": null,
        "説明": null,
        "説明_英語": null,
        "URL": null,
        "備考": null
      }
    },
    {
      "type": "Feature",
      "geometry": {
        "type": "Point",
        "coordinates": [
          132.043541,
          34.058221
        ]
      },
      "properties": {
        "全国地方公共団体コード": 352080,
        "ID": 500098,
        "地方公共団体名": "山口県岩国市",
        "name": "木造十一面観音立像",
        "名称_カナ": "モクゾウジュウイチメンカンノンリュウゾウ",
        "名称_通称": null,
        "名称_英語": null,
        "文化財分類": "市指定有形文化財",
        "種類": "彫刻",
        "場所名称": null,
        "所在地_全国地方公共団体コード": 352080,
        "町字ID": null,
        "所在地_連結表記": "山口県岩国市周東町用田866",
        "所在地_都道府県": "山口県",
        "所在地_市区町村": "岩国市周東町用田866",
        "所在地_町字": null,
        "所在地_番地以下": null,
        "建物名等(方書)": null,
        "高度の種別": null,
        "高度の値": null,
        "電話番号": null,
        "内線番号": null,
        "連絡先メールアドレス": null,
        "連絡先FormURL": null,
        "連絡先備考（その他、SNSなど）": null,
        "郵便番号": null,
        "員数（数）": "1",
        "員数（単位）": "?",
        "法人番号": 1250010000000.0,
        "所有者等": "（宗）極楽寺",
        "文化財指定日": "1976/7/8",
        "利用可能曜日": null,
        "開始時間": null,
        "終了時間": null,
        "利用可能日時特記事項": null,
        "画像": null,
        "画像_ライセンス": null,
        "概要": "「岩国市の文化財」参照",
        "概要_英語": null,
        "説明": null,
        "説明_英語": null,
        "URL": null,
        "備考": null
      }
    },
    {
      "type": "Feature",
      "geometry": {
        "type": "Point",
        "coordinates": [
          132.043541,
          34.058221
        ]
      },
      "properties": {
        "全国地方公共団体コード": 352080,
        "ID": 500099,
        "地方公共団体名": "山口県岩国市",
        "name": "銅造十一面観音坐像",
        "名称_カナ": "ドウゾウジュウイチメンカンノンザゾウ",
        "名称_通称": null,
        "名称_英語": null,
        "文化財分類": "市指定有形文化財",
        "種類": "彫刻",
        "場所名称": null,
        "所在地_全国地方公共団体コード": 352080,
        "町字ID": null,
        "所在地_連結表記": "山口県岩国市周東町用田866",
        "所在地_都道府県": "山口県",
        "所在地_市区町村": "岩国市周東町用田866",
        "所在地_町字": null,
        "所在地_番地以下": null,
        "建物名等(方書)": null,
        "高度の種別": null,
        "高度の値": null,
        "電話番号": null,
        "内線番号": null,
        "連絡先メールアドレス": null,
        "連絡先FormURL": null,
        "連絡先備考（その他、SNSなど）": null,
        "郵便番号": null,
        "員数（数）": "1",
        "員数（単位）": "?",
        "法人番号": 1250010000000.0,
        "所有者等": "（宗）極楽寺",
        "文化財指定日": "1976/7/8",
        "利用可能曜日": null,
        "開始時間": null,
        "終了時間": null,
        "利用可能日時特記事項": null,
        "画像": null,
        "画像_ライセンス": null,
        "概要": "「岩国市の文化財」参照",
        "概要_英語": null,
        "説明": null,
        "説明_英語": null,
        "URL": null,
        "備考": null
      }
    },
    {
      "type": "Feature",
      "geometry": {
        "type": "Point",
        "coordinates": [
          132.050965,
          34.094125
        ]
      },
      "properties": {
        "全国地方公共団体コード": 352080,
        "ID": 500100,
        "地方公共団体名": "山口県岩国市",
        "name": "木造智者大師坐像",
        "名称_カナ": "モクゾウチシャタイシザゾウ",
        "名称_通称": null,
        "名称_英語": null,
        "文化財分類": "市指定有形文化財",
        "種類": "彫刻",
        "場所名称": null,
        "所在地_全国地方公共団体コード": 352080,
        "町字ID": null,
        "所在地_連結表記": "山口県岩国市周東町下久原",
        "所在地_都道府県": "山口県",
        "所在地_市区町村": "岩国市周東町下久原",
        "所在地_町字": null,
        "所在地_番地以下": null,
        "建物名等(方書)": null,
        "高度の種別": null,
        "高度の値": null,
        "電話番号": null,
        "内線番号": null,
        "連絡先メールアドレス": null,
        "連絡先FormURL": null,
        "連絡先備考（その他、SNSなど）": null,
        "郵便番号": null,
        "員数（数）": "1",
        "員数（単位）": "?",
        "法人番号": 5250010000000.0,
        "所有者等": "（宗）浄信寺",
        "文化財指定日": "1976/12/9",
        "利用可能曜日": null,
        "開始時間": null,
        "終了時間": null,
        "利用可能日時特記事項": null,
        "画像": null,
        "画像_ライセンス": null,
        "概要": "「岩国市の文化財」参照",
        "概要_英語": null,
        "説明": null,
        "説明_英語": null,
        "URL": null,
        "備考": null
      }
    },
    {
      "type": "Feature",
      "geometry": {
        "type": "Point",
        "coordinates": [
          132.050965,
          34.094125
        ]
      },
      "properties": {
        "全国地方公共団体コード": 352080,
        "ID": 500101,
        "地方公共団体名": "山口県岩国市",
        "name": "木造地蔵菩薩立像板木",
        "名称_カナ": "モクゾウジゾウボサツリュウゾウハンギ",
        "名称_通称": null,
        "名称_英語": null,
        "文化財分類": "市指定有形文化財",
        "種類": "彫刻",
        "場所名称": null,
        "所在地_全国地方公共団体コード": 352080,
        "町字ID": null,
        "所在地_連結表記": "山口県岩国市周東町下久原",
        "所在地_都道府県": "山口県",
        "所在地_市区町村": "岩国市周東町下久原",
        "所在地_町字": null,
        "所在地_番地以下": null,
        "建物名等(方書)": null,
        "高度の種別": null,
        "高度の値": null,
        "電話番号": null,
        "内線番号": null,
        "連絡先メールアドレス": null,
        "連絡先FormURL": null,
        "連絡先備考（その他、SNSなど）": null,
        "郵便番号": null,
        "員数（数）": "1",
        "員数（単位）": "面",
        "法人番号": 5250010000000.0,
        "所有者等": "（宗）浄信寺",
        "文化財指定日": "1976/12/9",
        "利用可能曜日": null,
        "開始時間": null,
        "終了時間": null,
        "利用可能日時特記事項": null,
        "画像": null,
        "画像_ライセンス": null,
        "概要": "「岩国市の文化財」参照",
        "概要_英語": null,
        "説明": null,
        "説明_英語": null,
        "URL": null,
        "備考": null
      }
    },
    {
      "type": "Feature",
      "geometry": {
        "type": "Point",
        "coordinates": [
          132.063337,
          34.077472
        ]
      },
      "properties": {
        "全国地方公共団体コード": 352080,
        "ID": 500102,
        "地方公共団体名": "山口県岩国市",
        "name": "木造地蔵菩薩立像",
        "名称_カナ": "モクゾウジゾウボサツリュウゾウ",
        "名称_通称": null,
        "名称_英語": null,
        "文化財分類": "市指定有形文化財",
        "種類": "彫刻",
        "場所名称": null,
        "所在地_全国地方公共団体コード": 352080,
        "町字ID": null,
        "所在地_連結表記": "山口県岩国市周東町上久原",
        "所在地_都道府県": "山口県",
        "所在地_市区町村": "岩国市周東町上久原",
        "所在地_町字": null,
        "所在地_番地以下": null,
        "建物名等(方書)": null,
        "高度の種別": null,
        "高度の値": null,
        "電話番号": null,
        "内線番号": null,
        "連絡先メールアドレス": null,
        "連絡先FormURL": null,
        "連絡先備考（その他、SNSなど）": null,
        "郵便番号": null,
        "員数（数）": "1",
        "員数（単位）": "?",
        "法人番号": 4250010000000.0,
        "所有者等": "（宗）通化寺",
        "文化財指定日": "1976/12/9",
        "利用可能曜日": null,
        "開始時間": null,
        "終了時間": null,
        "利用可能日時特記事項": null,
        "画像": null,
        "画像_ライセンス": null,
        "概要": "「岩国市の文化財」参照",
        "概要_英語": null,
        "説明": null,
        "説明_英語": null,
        "URL": null,
        "備考": null
      }
    },
    {
      "type": "Feature",
      "geometry": {
        "type": "Point",
        "coordinates": [
          132.05344,
          34.118322
        ]
      },
      "properties": {
        "全国地方公共団体コード": 352080,
        "ID": 500103,
        "地方公共団体名": "山口県岩国市",
        "name": "木造毘沙門天立像",
        "名称_カナ": "モクゾウビシャモンテンリュウゾウ",
        "名称_通称": null,
        "名称_英語": null,
        "文化財分類": "市指定有形文化財",
        "種類": "彫刻",
        "場所名称": null,
        "所在地_全国地方公共団体コード": 352080,
        "町字ID": null,
        "所在地_連結表記": "山口県岩国市周東町川上",
        "所在地_都道府県": "山口県",
        "所在地_市区町村": "岩国市周東町川上",
        "所在地_町字": null,
        "所在地_番地以下": null,
        "建物名等(方書)": null,
        "高度の種別": null,
        "高度の値": null,
        "電話番号": null,
        "内線番号": null,
        "連絡先メールアドレス": null,
        "連絡先FormURL": null,
        "連絡先備考（その他、SNSなど）": null,
        "郵便番号": null,
        "員数（数）": "1",
        "員数（単位）": "?",
        "法人番号": null,
        "所有者等": "個人",
        "文化財指定日": "1995/3/28",
        "利用可能曜日": null,
        "開始時間": null,
        "終了時間": null,
        "利用可能日時特記事項": null,
        "画像": null,
        "画像_ライセンス": null,
        "概要": "「岩国市の文化財」参照",
        "概要_英語": null,
        "説明": null,
        "説明_英語": null,
        "URL": null,
        "備考": null
      }
    },
    {
      "type": "Feature",
      "geometry": {
        "type": "Point",
        "coordinates": [
          131.974195,
          34.151479
        ]
      },
      "properties": {
        "全国地方公共団体コード": 352080,
        "ID": 500104,
        "地方公共団体名": "山口県岩国市",
        "name": "木造十王坐像",
        "名称_カナ": "モクゾウジュウオウザゾウ",
        "名称_通称": null,
        "名称_英語": null,
        "文化財分類": "市指定有形文化財",
        "種類": "彫刻",
        "場所名称": null,
        "所在地_全国地方公共団体コード": 352080,
        "町字ID": null,
        "所在地_連結表記": "山口県岩国市周東町三瀬川",
        "所在地_都道府県": "山口県",
        "所在地_市区町村": "岩国市周東町三瀬川",
        "所在地_町字": null,
        "所在地_番地以下": null,
        "建物名等(方書)": null,
        "高度の種別": null,
        "高度の値": null,
        "電話番号": null,
        "内線番号": null,
        "連絡先メールアドレス": null,
        "連絡先FormURL": null,
        "連絡先備考（その他、SNSなど）": null,
        "郵便番号": null,
        "員数（数）": "4",
        "員数（単位）": "?",
        "法人番号": 2250010000000.0,
        "所有者等": "（宗）浄円寺",
        "文化財指定日": "1995/3/28",
        "利用可能曜日": null,
        "開始時間": null,
        "終了時間": null,
        "利用可能日時特記事項": null,
        "画像": null,
        "画像_ライセンス": null,
        "概要": "「岩国市の文化財」参照",
        "概要_英語": null,
        "説明": null,
        "説明_英語": null,
        "URL": null,
        "備考": null
      }
    },
    {
      "type": "Feature",
      "geometry": {
        "type": "Point",
        "coordinates": [
          132.167793,
          34.033531
        ]
      },
      "properties": {
        "全国地方公共団体コード": 352080,
        "ID": 500105,
        "地方公共団体名": "山口県岩国市",
        "name": "子安マリア観音立像",
        "名称_カナ": "コヤスマリアカンノンリュウゾウ",
        "名称_通称": null,
        "名称_英語": null,
        "文化財分類": "市指定有形文化財",
        "種類": "彫刻",
        "場所名称": null,
        "所在地_全国地方公共団体コード": 352080,
        "町字ID": null,
        "所在地_連結表記": "山口県岩国市由宇町3123",
        "所在地_都道府県": "山口県",
        "所在地_市区町村": "岩国市由宇町3123",
        "所在地_町字": null,
        "所在地_番地以下": null,
        "建物名等(方書)": null,
        "高度の種別": null,
        "高度の値": null,
        "電話番号": null,
        "内線番号": null,
        "連絡先メールアドレス": null,
        "連絡先FormURL": null,
        "連絡先備考（その他、SNSなど）": null,
        "郵便番号": null,
        "員数（数）": "1",
        "員数（単位）": "体",
        "法人番号": 6250010000000.0,
        "所有者等": "（宗）清源寺",
        "文化財指定日": "1983/8/30",
        "利用可能曜日": null,
        "開始時間": null,
        "終了時間": null,
        "利用可能日時特記事項": null,
        "画像": null,
        "画像_ライセンス": null,
        "概要": "「岩国市の文化財」参照",
        "概要_英語": null,
        "説明": null,
        "説明_英語": null,
        "URL": null,
        "備考": null
      }
    },
    {
      "type": "Feature",
      "geometry": {
        "type": "Point",
        "coordinates": [
          132.088072,
          34.090047
        ]
      },
      "properties": {
        "全国地方公共団体コード": 352080,
        "ID": 500106,
        "地方公共団体名": "山口県岩国市",
        "name": "祥雲寺の木造薬師如来座像ほか",
        "名称_カナ": "ショウウンジノモクゾウヤクシニョライザゾウホカ",
        "名称_通称": null,
        "名称_英語": null,
        "文化財分類": "市指定有形文化財",
        "種類": "彫刻",
        "場所名称": null,
        "所在地_全国地方公共団体コード": 352080,
        "町字ID": null,
        "所在地_連結表記": "山口県岩国市玖珂町字本郷原805",
        "所在地_都道府県": "山口県",
        "所在地_市区町村": "岩国市玖珂町字本郷原805",
        "所在地_町字": null,
        "所在地_番地以下": null,
        "建物名等(方書)": null,
        "高度の種別": null,
        "高度の値": null,
        "電話番号": null,
        "内線番号": null,
        "連絡先メールアドレス": null,
        "連絡先FormURL": null,
        "連絡先備考（その他、SNSなど）": null,
        "郵便番号": null,
        "員数（数）": "仏像9",
        "員数（単位）": "躯",
        "法人番号": 4250010000000.0,
        "所有者等": "（宗）祥雲寺",
        "文化財指定日": "2005/12/27",
        "利用可能曜日": null,
        "開始時間": null,
        "終了時間": null,
        "利用可能日時特記事項": null,
        "画像": null,
        "画像_ライセンス": null,
        "概要": "「岩国市の文化財」参照",
        "概要_英語": null,
        "説明": null,
        "説明_英語": null,
        "URL": null,
        "備考": null
      }
    },
    {
      "type": "Feature",
      "geometry": {
        "type": "Point",
        "coordinates": [
          132.209341,
          34.159872
        ]
      },
      "properties": {
        "全国地方公共団体コード": 352080,
        "ID": 500107,
        "地方公共団体名": "山口県岩国市",
        "name": "銅製梵鐘",
        "名称_カナ": "ドウセイボンショウ",
        "名称_通称": null,
        "名称_英語": null,
        "文化財分類": "市指定有形文化財",
        "種類": "工芸品",
        "場所名称": null,
        "所在地_全国地方公共団体コード": 352080,
        "町字ID": null,
        "所在地_連結表記": "山口県岩国市今津町6-12-23",
        "所在地_都道府県": "山口県",
        "所在地_市区町村": "岩国市今津町6-12-23",
        "所在地_町字": null,
        "所在地_番地以下": null,
        "建物名等(方書)": null,
        "高度の種別": null,
        "高度の値": null,
        "電話番号": null,
        "内線番号": null,
        "連絡先メールアドレス": null,
        "連絡先FormURL": null,
        "連絡先備考（その他、SNSなど）": null,
        "郵便番号": null,
        "員数（数）": "1",
        "員数（単位）": "口",
        "法人番号": 2250010000000.0,
        "所有者等": "（宗）白崎八幡宮",
        "文化財指定日": "1970/8/14",
        "利用可能曜日": null,
        "開始時間": null,
        "終了時間": null,
        "利用可能日時特記事項": null,
        "画像": null,
        "画像_ライセンス": null,
        "概要": "「岩国市の文化財」参照",
        "概要_英語": null,
        "説明": null,
        "説明_英語": null,
        "URL": null,
        "備考": null
      }
    },
    {
      "type": "Feature",
      "geometry": {
        "type": "Point",
        "coordinates": [
          132.176755,
          34.169341
        ]
      },
      "properties": {
        "全国地方公共団体コード": 352080,
        "ID": 500108,
        "地方公共団体名": "山口県岩国市",
        "name": "紺糸寄素懸威百二十二間筋兜",
        "名称_カナ": "コンイトヨセスガケオドシヒャクニジュウニケンスジカブト",
        "名称_通称": null,
        "名称_英語": null,
        "文化財分類": "市指定有形文化財",
        "種類": "工芸品",
        "場所名称": null,
        "所在地_全国地方公共団体コード": 352080,
        "町字ID": null,
        "所在地_連結表記": "山口県岩国市横山2-4-9",
        "所在地_都道府県": "山口県",
        "所在地_市区町村": "岩国市横山2-4-9",
        "所在地_町字": null,
        "所在地_番地以下": null,
        "建物名等(方書)": null,
        "高度の種別": null,
        "高度の値": null,
        "電話番号": null,
        "内線番号": null,
        "連絡先メールアドレス": null,
        "連絡先FormURL": null,
        "連絡先備考（その他、SNSなど）": null,
        "郵便番号": null,
        "員数（数）": "1",
        "員数（単位）": "丁",
        "法人番号": null,
        "所有者等": "個人",
        "文化財指定日": "1972/7/11",
        "利用可能曜日": null,
        "開始時間": null,
        "終了時間": null,
        "利用可能日時特記事項": null,
        "画像": null,
        "画像_ライセンス": null,
        "概要": "「岩国市の文化財」参照",
        "概要_英語": null,
        "説明": null,
        "説明_英語": null,
        "URL": null,
        "備考": null
      }
    },
    {
      "type": "Feature",
      "geometry": {
        "type": "Point",
        "coordinates": [
          132.19251,
          34.163404
        ]
      },
      "properties": {
        "全国地方公共団体コード": 352080,
        "ID": 500109,
        "地方公共団体名": "山口県岩国市",
        "name": "刀剣拵付",
        "名称_カナ": "トウケンコシラエツキ",
        "名称_通称": null,
        "名称_英語": null,
        "文化財分類": "市指定有形文化財",
        "種類": "工芸品",
        "場所名称": null,
        "所在地_全国地方公共団体コード": 352080,
        "町字ID": null,
        "所在地_連結表記": "山口県岩国市錦見6-3-11",
        "所在地_都道府県": "山口県",
        "所在地_市区町村": "岩国市錦見6-3-11",
        "所在地_町字": null,
        "所在地_番地以下": null,
        "建物名等(方書)": null,
        "高度の種別": null,
        "高度の値": null,
        "電話番号": null,
        "内線番号": null,
        "連絡先メールアドレス": null,
        "連絡先FormURL": null,
        "連絡先備考（その他、SNSなど）": null,
        "郵便番号": null,
        "員数（数）": "1",
        "員数（単位）": "口",
        "法人番号": null,
        "所有者等": "個人",
        "文化財指定日": "1972/7/11",
        "利用可能曜日": null,
        "開始時間": null,
        "終了時間": null,
        "利用可能日時特記事項": null,
        "画像": null,
        "画像_ライセンス": null,
        "概要": "「岩国市の文化財」参照",
        "概要_英語": null,
        "説明": null,
        "説明_英語": null,
        "URL": null,
        "備考": null
      }
    },
    {
      "type": "Feature",
      "geometry": {
        "type": "Point",
        "coordinates": [
          132.174826,
          34.171369
        ]
      },
      "properties": {
        "全国地方公共団体コード": 352080,
        "ID": 500110,
        "地方公共団体名": "山口県岩国市",
        "name": "黒韋肩白紅威大袖",
        "名称_カナ": "クロカワカタシロクレナイオドシオオソデ",
        "名称_通称": null,
        "名称_英語": null,
        "文化財分類": "市指定有形文化財",
        "種類": "工芸品",
        "場所名称": null,
        "所在地_全国地方公共団体コード": 352080,
        "町字ID": null,
        "所在地_連結表記": "山口県岩国市横山2-10-27",
        "所在地_都道府県": "山口県",
        "所在地_市区町村": "岩国市横山2-10-27",
        "所在地_町字": null,
        "所在地_番地以下": null,
        "建物名等(方書)": null,
        "高度の種別": null,
        "高度の値": null,
        "電話番号": "0827-41-0506",
        "内線番号": null,
        "連絡先メールアドレス": null,
        "連絡先FormURL": null,
        "連絡先備考（その他、SNSなど）": null,
        "郵便番号": null,
        "員数（数）": "半",
        "員数（単位）": "双",
        "法人番号": 3250010000000.0,
        "所有者等": "（公財）柏原美術館",
        "文化財指定日": "1973/10/23",
        "利用可能曜日": "特定日を除き無休",
        "開始時間": "9:00:00",
        "終了時間": "17:00:00",
        "利用可能日時特記事項": "12月～2月は16時閉館",
        "画像": null,
        "画像_ライセンス": null,
        "概要": "「岩国市の文化財」参照",
        "概要_英語": null,
        "説明": null,
        "説明_英語": null,
        "URL": "https://www.kashiwabara-museum.jp/",
        "備考": null
      }
    },
    {
      "type": "Feature",
      "geometry": {
        "type": "Point",
        "coordinates": [
          132.176938,
          34.168342
        ]
      },
      "properties": {
        "全国地方公共団体コード": 352080,
        "ID": 500111,
        "地方公共団体名": "山口県岩国市",
        "name": "刀剣",
        "名称_カナ": "トウケン",
        "名称_通称": null,
        "名称_英語": null,
        "文化財分類": "市指定有形文化財",
        "種類": "工芸品",
        "場所名称": null,
        "所在地_全国地方公共団体コード": 352080,
        "町字ID": null,
        "所在地_連結表記": "山口県岩国市横山2-1-21",
        "所在地_都道府県": "山口県",
        "所在地_市区町村": "岩国市横山2-1-21",
        "所在地_町字": null,
        "所在地_番地以下": null,
        "建物名等(方書)": null,
        "高度の種別": null,
        "高度の値": null,
        "電話番号": null,
        "内線番号": null,
        "連絡先メールアドレス": null,
        "連絡先FormURL": null,
        "連絡先備考（その他、SNSなど）": null,
        "郵便番号": null,
        "員数（数）": "1",
        "員数（単位）": "口",
        "法人番号": null,
        "所有者等": "個人",
        "文化財指定日": "1973/10/23",
        "利用可能曜日": null,
        "開始時間": null,
        "終了時間": null,
        "利用可能日時特記事項": null,
        "画像": null,
        "画像_ライセンス": null,
        "概要": "「岩国市の文化財」参照",
        "概要_英語": null,
        "説明": null,
        "説明_英語": null,
        "URL": null,
        "備考": null
      }
    },
    {
      "type": "Feature",
      "geometry": {
        "type": "Point",
        "coordinates": [
          132.176658,
          34.172011
        ]
      },
      "properties": {
        "全国地方公共団体コード": 352080,
        "ID": 500112,
        "地方公共団体名": "山口県岩国市",
        "name": "紺糸素懸威黒板札菱縫二枚胴具足",
        "名称_カナ": "コンイトスガケオドシクロイタザネヒシヌイニマイドウグソク",
        "名称_通称": null,
        "名称_英語": null,
        "文化財分類": "市指定有形文化財",
        "種類": "工芸品",
        "場所名称": null,
        "所在地_全国地方公共団体コード": 352080,
        "町字ID": null,
        "所在地_連結表記": "山口県岩国市横山2-8-5",
        "所在地_都道府県": "山口県",
        "所在地_市区町村": "岩国市横山2-8-5",
        "所在地_町字": null,
        "所在地_番地以下": null,
        "建物名等(方書)": null,
        "高度の種別": null,
        "高度の値": null,
        "電話番号": null,
        "内線番号": null,
        "連絡先メールアドレス": null,
        "連絡先FormURL": null,
        "連絡先備考（その他、SNSなど）": null,
        "郵便番号": null,
        "員数（数）": "1",
        "員数（単位）": "領",
        "法人番号": 5250010000000.0,
        "所有者等": "（宗）吉香神社",
        "文化財指定日": "1981/8/20",
        "利用可能曜日": null,
        "開始時間": null,
        "終了時間": null,
        "利用可能日時特記事項": null,
        "画像": null,
        "画像_ライセンス": null,
        "概要": "「岩国市の文化財」参照",
        "概要_英語": null,
        "説明": null,
        "説明_英語": null,
        "URL": null,
        "備考": null
      }
    },
    {
      "type": "Feature",
      "geometry": {
        "type": "Point",
        "coordinates": [
          132.174826,
          34.171369
        ]
      },
      "properties": {
        "全国地方公共団体コード": 352080,
        "ID": 500113,
        "地方公共団体名": "山口県岩国市",
        "name": "桐・九曜紋蒔絵挟箱　付　目録",
        "名称_カナ": "キリ・クヨウモンマキエハサミバコ　ツケタリ　モクロク",
        "名称_通称": null,
        "名称_英語": null,
        "文化財分類": "市指定有形文化財",
        "種類": "工芸品",
        "場所名称": null,
        "所在地_全国地方公共団体コード": 352080,
        "町字ID": null,
        "所在地_連結表記": "山口県岩国市横山2-10-27",
        "所在地_都道府県": "山口県",
        "所在地_市区町村": "岩国市横山2-10-27",
        "所在地_町字": null,
        "所在地_番地以下": null,
        "建物名等(方書)": null,
        "高度の種別": null,
        "高度の値": null,
        "電話番号": "0827-41-0506",
        "内線番号": null,
        "連絡先メールアドレス": null,
        "連絡先FormURL": null,
        "連絡先備考（その他、SNSなど）": null,
        "郵便番号": null,
        "員数（数）": "1",
        "員数（単位）": "双",
        "法人番号": 3250010000000.0,
        "所有者等": "（公財）柏原美術館",
        "文化財指定日": "1983/9/9",
        "利用可能曜日": "特定日を除き無休",
        "開始時間": "9:00:00",
        "終了時間": "17:00:00",
        "利用可能日時特記事項": "12月～2月は16時閉館",
        "画像": null,
        "画像_ライセンス": null,
        "概要": "「岩国市の文化財」参照",
        "概要_英語": null,
        "説明": null,
        "説明_英語": null,
        "URL": "https://www.kashiwabara-museum.jp/",
        "備考": null
      }
    },
    {
      "type": "Feature",
      "geometry": {
        "type": "Point",
        "coordinates": [
          132.174826,
          34.171369
        ]
      },
      "properties": {
        "全国地方公共団体コード": 352080,
        "ID": 500114,
        "地方公共団体名": "山口県岩国市",
        "name": "鉄錆地百廿間筋兜鉢銘　明珍宗家作",
        "名称_カナ": "テツサビヂヒャクニジッケンスジカブトバチ　メイ　ミョウチンムネイエサク",
        "名称_通称": null,
        "名称_英語": null,
        "文化財分類": "市指定有形文化財",
        "種類": "工芸品",
        "場所名称": null,
        "所在地_全国地方公共団体コード": 352080,
        "町字ID": null,
        "所在地_連結表記": "山口県岩国市横山2-10-27",
        "所在地_都道府県": "山口県",
        "所在地_市区町村": "岩国市横山2-10-27",
        "所在地_町字": null,
        "所在地_番地以下": null,
        "建物名等(方書)": null,
        "高度の種別": null,
        "高度の値": null,
        "電話番号": "0827-41-0506",
        "内線番号": null,
        "連絡先メールアドレス": null,
        "連絡先FormURL": null,
        "連絡先備考（その他、SNSなど）": null,
        "郵便番号": null,
        "員数（数）": "1",
        "員数（単位）": "頭",
        "法人番号": 3250010000000.0,
        "所有者等": "（公財）柏原美術館",
        "文化財指定日": "1983/9/9",
        "利用可能曜日": "特定日を除き無休",
        "開始時間": "9:00:00",
        "終了時間": "17:00:00",
        "利用可能日時特記事項": "12月～2月は16時閉館",
        "画像": null,
        "画像_ライセンス": null,
        "概要": "「岩国市の文化財」参照",
        "概要_英語": null,
        "説明": null,
        "説明_英語": null,
        "URL": "https://www.kashiwabara-museum.jp/",
        "備考": null
      }
    },
    {
      "type": "Feature",
      "geometry": {
        "type": "Point",
        "coordinates": [
          132.175771,
          34.171884
        ]
      },
      "properties": {
        "全国地方公共団体コード": 352080,
        "ID": 500115,
        "地方公共団体名": "山口県岩国市",
        "name": "色々威腹巻　付　負櫃",
        "名称_カナ": "イロイロオドシハラマキ　ツケタリ　オイビツ",
        "名称_通称": null,
        "名称_英語": null,
        "文化財分類": "市指定有形文化財",
        "種類": "工芸品",
        "場所名称": null,
        "所在地_全国地方公共団体コード": 352080,
        "町字ID": null,
        "所在地_連結表記": "山口県岩国市横山2-8-10",
        "所在地_都道府県": "山口県",
        "所在地_市区町村": "岩国市横山2-8-10",
        "所在地_町字": null,
        "所在地_番地以下": null,
        "建物名等(方書)": null,
        "高度の種別": null,
        "高度の値": null,
        "電話番号": null,
        "内線番号": null,
        "連絡先メールアドレス": null,
        "連絡先FormURL": null,
        "連絡先備考（その他、SNSなど）": null,
        "郵便番号": null,
        "員数（数）": "1・1",
        "員数（単位）": "領・合",
        "法人番号": 7250010000000.0,
        "所有者等": "（宗）白山比咩神社",
        "文化財指定日": "1987/1/9",
        "利用可能曜日": null,
        "開始時間": null,
        "終了時間": null,
        "利用可能日時特記事項": null,
        "画像": null,
        "画像_ライセンス": null,
        "概要": "「岩国市の文化財」参照",
        "概要_英語": null,
        "説明": null,
        "説明_英語": null,
        "URL": null,
        "備考": null
      }
    },
    {
      "type": "Feature",
      "geometry": {
        "type": "Point",
        "coordinates": [
          132.006403,
          34.08982
        ]
      },
      "properties": {
        "全国地方公共団体コード": 352080,
        "ID": 500116,
        "地方公共団体名": "山口県岩国市",
        "name": "具足",
        "名称_カナ": "グソク",
        "名称_通称": null,
        "名称_英語": null,
        "文化財分類": "市指定有形文化財",
        "種類": "工芸品",
        "場所名称": null,
        "所在地_全国地方公共団体コード": 352080,
        "町字ID": null,
        "所在地_連結表記": "山口県岩国市周東町西長野",
        "所在地_都道府県": "山口県",
        "所在地_市区町村": "岩国市周東町西長野",
        "所在地_町字": null,
        "所在地_番地以下": null,
        "建物名等(方書)": null,
        "高度の種別": null,
        "高度の値": null,
        "電話番号": null,
        "内線番号": null,
        "連絡先メールアドレス": null,
        "連絡先FormURL": null,
        "連絡先備考（その他、SNSなど）": null,
        "郵便番号": null,
        "員数（数）": "7",
        "員数（単位）": "領",
        "法人番号": 7250010000000.0,
        "所有者等": "（宗）河内神社",
        "文化財指定日": "1971/12/25",
        "利用可能曜日": null,
        "開始時間": null,
        "終了時間": null,
        "利用可能日時特記事項": null,
        "画像": null,
        "画像_ライセンス": null,
        "概要": "「岩国市の文化財」参照",
        "概要_英語": null,
        "説明": null,
        "説明_英語": null,
        "URL": null,
        "備考": null
      }
    },
    {
      "type": "Feature",
      "geometry": {
        "type": "Point",
        "coordinates": [
          132.127625,
          34.073455
        ]
      },
      "properties": {
        "全国地方公共団体コード": 352080,
        "ID": 500117,
        "地方公共団体名": "山口県岩国市",
        "name": "光明寺　鰐口",
        "名称_カナ": "コウミョウジ　ワニクチ",
        "名称_通称": null,
        "名称_英語": null,
        "文化財分類": "市指定有形文化財",
        "種類": "工芸品",
        "場所名称": null,
        "所在地_全国地方公共団体コード": 352080,
        "町字ID": null,
        "所在地_連結表記": "山口県岩国市周東町祖生3408",
        "所在地_都道府県": "山口県",
        "所在地_市区町村": "岩国市周東町祖生3408",
        "所在地_町字": null,
        "所在地_番地以下": null,
        "建物名等(方書)": null,
        "高度の種別": null,
        "高度の値": null,
        "電話番号": null,
        "内線番号": null,
        "連絡先メールアドレス": null,
        "連絡先FormURL": null,
        "連絡先備考（その他、SNSなど）": null,
        "郵便番号": null,
        "員数（数）": "1",
        "員数（単位）": "口",
        "法人番号": null,
        "所有者等": "個人",
        "文化財指定日": "1974/7/10",
        "利用可能曜日": null,
        "開始時間": null,
        "終了時間": null,
        "利用可能日時特記事項": null,
        "画像": null,
        "画像_ライセンス": null,
        "概要": "「岩国市の文化財」参照",
        "概要_英語": null,
        "説明": null,
        "説明_英語": null,
        "URL": null,
        "備考": null
      }
    },
    {
      "type": "Feature",
      "geometry": {
        "type": "Point",
        "coordinates": [
          132.043541,
          34.058221
        ]
      },
      "properties": {
        "全国地方公共団体コード": 352080,
        "ID": 500118,
        "地方公共団体名": "山口県岩国市",
        "name": "木造当国三十三番観音順礼手引",
        "名称_カナ": "モクゾウトウコクサンジュウサンバンカンノンジュンレイテビキ",
        "名称_通称": null,
        "名称_英語": null,
        "文化財分類": "市指定有形文化財",
        "種類": "工芸品",
        "場所名称": null,
        "所在地_全国地方公共団体コード": 352080,
        "町字ID": null,
        "所在地_連結表記": "山口県岩国市周東町用田866",
        "所在地_都道府県": "山口県",
        "所在地_市区町村": "岩国市周東町用田866",
        "所在地_町字": null,
        "所在地_番地以下": null,
        "建物名等(方書)": null,
        "高度の種別": null,
        "高度の値": null,
        "電話番号": null,
        "内線番号": null,
        "連絡先メールアドレス": null,
        "連絡先FormURL": null,
        "連絡先備考（その他、SNSなど）": null,
        "郵便番号": null,
        "員数（数）": "40",
        "員数（単位）": "面",
        "法人番号": 1250010000000.0,
        "所有者等": "（宗）極楽寺",
        "文化財指定日": "1975/12/10",
        "利用可能曜日": null,
        "開始時間": null,
        "終了時間": null,
        "利用可能日時特記事項": null,
        "画像": null,
        "画像_ライセンス": null,
        "概要": "「岩国市の文化財」参照",
        "概要_英語": null,
        "説明": null,
        "説明_英語": null,
        "URL": null,
        "備考": null
      }
    },
    {
      "type": "Feature",
      "geometry": {
        "type": "Point",
        "coordinates": [
          132.016309,
          34.094859
        ]
      },
      "properties": {
        "全国地方公共団体コード": 352080,
        "ID": 500119,
        "地方公共団体名": "山口県岩国市",
        "name": "脇差　二王□作",
        "名称_カナ": "ワキザシ　ニオウ□サク",
        "名称_通称": null,
        "名称_英語": null,
        "文化財分類": "市指定有形文化財",
        "種類": "工芸品",
        "場所名称": null,
        "所在地_全国地方公共団体コード": 352080,
        "町字ID": null,
        "所在地_連結表記": "山口県岩国市周東町下須通244",
        "所在地_都道府県": "山口県",
        "所在地_市区町村": "岩国市周東町下須通244",
        "所在地_町字": null,
        "所在地_番地以下": null,
        "建物名等(方書)": null,
        "高度の種別": null,
        "高度の値": null,
        "電話番号": null,
        "内線番号": null,
        "連絡先メールアドレス": null,
        "連絡先FormURL": null,
        "連絡先備考（その他、SNSなど）": null,
        "郵便番号": null,
        "員数（数）": "1",
        "員数（単位）": "口",
        "法人番号": 9250010000000.0,
        "所有者等": "（宗）三島神社",
        "文化財指定日": "1976/7/8",
        "利用可能曜日": null,
        "開始時間": null,
        "終了時間": null,
        "利用可能日時特記事項": null,
        "画像": null,
        "画像_ライセンス": null,
        "概要": "「岩国市の文化財」参照",
        "概要_英語": null,
        "説明": null,
        "説明_英語": null,
        "URL": null,
        "備考": null
      }
    },
    {
      "type": "Feature",
      "geometry": {
        "type": "Point",
        "coordinates": [
          132.063337,
          34.077472
        ]
      },
      "properties": {
        "全国地方公共団体コード": 352080,
        "ID": 500120,
        "地方公共団体名": "山口県岩国市",
        "name": "短刀　周防国杉森住二王清綱",
        "名称_カナ": "タントウ　スオウコクスギノモリジュウニオウキヨツナ",
        "名称_通称": null,
        "名称_英語": null,
        "文化財分類": "市指定有形文化財",
        "種類": "工芸品",
        "場所名称": null,
        "所在地_全国地方公共団体コード": 352080,
        "町字ID": null,
        "所在地_連結表記": "山口県岩国市周東町上久原",
        "所在地_都道府県": "山口県",
        "所在地_市区町村": "岩国市周東町上久原",
        "所在地_町字": null,
        "所在地_番地以下": null,
        "建物名等(方書)": null,
        "高度の種別": null,
        "高度の値": null,
        "電話番号": null,
        "内線番号": null,
        "連絡先メールアドレス": null,
        "連絡先FormURL": null,
        "連絡先備考（その他、SNSなど）": null,
        "郵便番号": null,
        "員数（数）": "1",
        "員数（単位）": "口",
        "法人番号": null,
        "所有者等": "個人",
        "文化財指定日": "1977/11/7",
        "利用可能曜日": null,
        "開始時間": null,
        "終了時間": null,
        "利用可能日時特記事項": null,
        "画像": null,
        "画像_ライセンス": null,
        "概要": "「岩国市の文化財」参照",
        "概要_英語": null,
        "説明": null,
        "説明_英語": null,
        "URL": null,
        "備考": null
      }
    },
    {
      "type": "Feature",
      "geometry": {
        "type": "Point",
        "coordinates": [
          132.01507,
          34.075867
        ]
      },
      "properties": {
        "全国地方公共団体コード": 352080,
        "ID": 500121,
        "地方公共団体名": "山口県岩国市",
        "name": "慈眼寺　鰐口",
        "名称_カナ": "ジゲンジ　ワニクチ",
        "名称_通称": null,
        "名称_英語": null,
        "文化財分類": "市指定有形文化財",
        "種類": "工芸品",
        "場所名称": null,
        "所在地_全国地方公共団体コード": 352080,
        "町字ID": null,
        "所在地_連結表記": "山口県岩国市周東町下久原1201－1（周東図書館）",
        "所在地_都道府県": "山口県",
        "所在地_市区町村": "岩国市周東町下久原1201－1（周東図書館）",
        "所在地_町字": null,
        "所在地_番地以下": null,
        "建物名等(方書)": null,
        "高度の種別": null,
        "高度の値": null,
        "電話番号": null,
        "内線番号": null,
        "連絡先メールアドレス": null,
        "連絡先FormURL": null,
        "連絡先備考（その他、SNSなど）": null,
        "郵便番号": null,
        "員数（数）": "1",
        "員数（単位）": "口",
        "法人番号": null,
        "所有者等": "慈眼寺",
        "文化財指定日": "1980/9/13",
        "利用可能曜日": null,
        "開始時間": null,
        "終了時間": null,
        "利用可能日時特記事項": null,
        "画像": null,
        "画像_ライセンス": null,
        "概要": "「岩国市の文化財」参照",
        "概要_英語": null,
        "説明": null,
        "説明_英語": null,
        "URL": null,
        "備考": null
      }
    },
    {
      "type": "Feature",
      "geometry": {
        "type": "Point",
        "coordinates": [
          131.974195,
          34.151479
        ]
      },
      "properties": {
        "全国地方公共団体コード": 352080,
        "ID": 500122,
        "地方公共団体名": "山口県岩国市",
        "name": "木造五輪塔",
        "名称_カナ": "モクゾウゴリントウ",
        "名称_通称": null,
        "名称_英語": null,
        "文化財分類": "市指定有形文化財",
        "種類": "工芸品",
        "場所名称": null,
        "所在地_全国地方公共団体コード": 352080,
        "町字ID": null,
        "所在地_連結表記": "山口県岩国市周東町三瀬川",
        "所在地_都道府県": "山口県",
        "所在地_市区町村": "岩国市周東町三瀬川",
        "所在地_町字": null,
        "所在地_番地以下": null,
        "建物名等(方書)": null,
        "高度の種別": null,
        "高度の値": null,
        "電話番号": null,
        "内線番号": null,
        "連絡先メールアドレス": null,
        "連絡先FormURL": null,
        "連絡先備考（その他、SNSなど）": null,
        "郵便番号": null,
        "員数（数）": "1",
        "員数（単位）": "基",
        "法人番号": 2250010000000.0,
        "所有者等": "（宗）浄円寺",
        "文化財指定日": "1995/3/28",
        "利用可能曜日": null,
        "開始時間": null,
        "終了時間": null,
        "利用可能日時特記事項": null,
        "画像": null,
        "画像_ライセンス": null,
        "概要": "「岩国市の文化財」参照",
        "概要_英語": null,
        "説明": null,
        "説明_英語": null,
        "URL": null,
        "備考": null
      }
    },
    {
      "type": "Feature",
      "geometry": {
        "type": "Point",
        "coordinates": [
          132.016309,
          34.094859
        ]
      },
      "properties": {
        "全国地方公共団体コード": 352080,
        "ID": 500123,
        "地方公共団体名": "山口県岩国市",
        "name": "軍配?扇",
        "名称_カナ": "グンバイウチワ",
        "名称_通称": null,
        "名称_英語": null,
        "文化財分類": "市指定有形文化財",
        "種類": "工芸品",
        "場所名称": null,
        "所在地_全国地方公共団体コード": 352080,
        "町字ID": null,
        "所在地_連結表記": "山口県岩国市周東町下須通244",
        "所在地_都道府県": "山口県",
        "所在地_市区町村": "岩国市周東町下須通244",
        "所在地_町字": null,
        "所在地_番地以下": null,
        "建物名等(方書)": null,
        "高度の種別": null,
        "高度の値": null,
        "電話番号": null,
        "内線番号": null,
        "連絡先メールアドレス": null,
        "連絡先FormURL": null,
        "連絡先備考（その他、SNSなど）": null,
        "郵便番号": null,
        "員数（数）": "1",
        "員数（単位）": "握",
        "法人番号": 9250010000000.0,
        "所有者等": "（宗）三島神社",
        "文化財指定日": "2001/10/26",
        "利用可能曜日": null,
        "開始時間": null,
        "終了時間": null,
        "利用可能日時特記事項": null,
        "画像": null,
        "画像_ライセンス": null,
        "概要": "「岩国市の文化財」参照",
        "概要_英語": null,
        "説明": null,
        "説明_英語": null,
        "URL": null,
        "備考": null
      }
    },
    {
      "type": "Feature",
      "geometry": {
        "type": "Point",
        "coordinates": [
          131.984107,
          34.312414
        ]
      },
      "properties": {
        "全国地方公共団体コード": 352080,
        "ID": 500124,
        "地方公共団体名": "山口県岩国市",
        "name": "梵鐘",
        "名称_カナ": "ボンショウ",
        "名称_通称": null,
        "名称_英語": null,
        "文化財分類": "市指定有形文化財",
        "種類": "工芸品",
        "場所名称": null,
        "所在地_全国地方公共団体コード": 352080,
        "町字ID": null,
        "所在地_連結表記": "山口県岩国市錦町深川",
        "所在地_都道府県": "山口県",
        "所在地_市区町村": "岩国市錦町深川",
        "所在地_町字": null,
        "所在地_番地以下": null,
        "建物名等(方書)": null,
        "高度の種別": null,
        "高度の値": null,
        "電話番号": null,
        "内線番号": null,
        "連絡先メールアドレス": null,
        "連絡先FormURL": null,
        "連絡先備考（その他、SNSなど）": null,
        "郵便番号": null,
        "員数（数）": "1",
        "員数（単位）": "口",
        "法人番号": 6250010000000.0,
        "所有者等": "（宗）深龍寺",
        "文化財指定日": "1975/10/8",
        "利用可能曜日": null,
        "開始時間": null,
        "終了時間": null,
        "利用可能日時特記事項": null,
        "画像": null,
        "画像_ライセンス": null,
        "概要": "「岩国市の文化財」参照",
        "概要_英語": null,
        "説明": null,
        "説明_英語": null,
        "URL": null,
        "備考": null
      }
    },
    {
      "type": "Feature",
      "geometry": {
        "type": "Point",
        "coordinates": [
          132.176755,
          34.169341
        ]
      },
      "properties": {
        "全国地方公共団体コード": 352080,
        "ID": 500125,
        "地方公共団体名": "山口県岩国市",
        "name": "織田信長天正茶会記",
        "名称_カナ": "オダノブナガ　テンショウチャカイキ",
        "名称_通称": null,
        "名称_英語": null,
        "文化財分類": "市指定有形文化財",
        "種類": "書跡",
        "場所名称": null,
        "所在地_全国地方公共団体コード": 352080,
        "町字ID": null,
        "所在地_連結表記": "山口県岩国市横山2-4-9",
        "所在地_都道府県": "山口県",
        "所在地_市区町村": "岩国市横山2-4-9",
        "所在地_町字": null,
        "所在地_番地以下": null,
        "建物名等(方書)": null,
        "高度の種別": null,
        "高度の値": null,
        "電話番号": null,
        "内線番号": null,
        "連絡先メールアドレス": null,
        "連絡先FormURL": null,
        "連絡先備考（その他、SNSなど）": null,
        "郵便番号": null,
        "員数（数）": "1",
        "員数（単位）": "巻",
        "法人番号": null,
        "所有者等": "個人",
        "文化財指定日": "1971/12/24",
        "利用可能曜日": null,
        "開始時間": null,
        "終了時間": null,
        "利用可能日時特記事項": null,
        "画像": null,
        "画像_ライセンス": null,
        "概要": "「岩国市の文化財」参照",
        "概要_英語": null,
        "説明": null,
        "説明_英語": null,
        "URL": null,
        "備考": null
      }
    },
    {
      "type": "Feature",
      "geometry": {
        "type": "Point",
        "coordinates": [
          132.182485,
          34.116734
        ]
      },
      "properties": {
        "全国地方公共団体コード": 352080,
        "ID": 500126,
        "地方公共団体名": "山口県岩国市",
        "name": "松濤軒記",
        "名称_カナ": "ショウトウケンキ",
        "名称_通称": null,
        "名称_英語": null,
        "文化財分類": "市指定有形文化財",
        "種類": "書跡",
        "場所名称": null,
        "所在地_全国地方公共団体コード": 352080,
        "町字ID": null,
        "所在地_連結表記": "山口県岩国市藤生町5-24-6",
        "所在地_都道府県": "山口県",
        "所在地_市区町村": "岩国市藤生町5-24-6",
        "所在地_町字": null,
        "所在地_番地以下": null,
        "建物名等(方書)": null,
        "高度の種別": null,
        "高度の値": null,
        "電話番号": null,
        "内線番号": null,
        "連絡先メールアドレス": null,
        "連絡先FormURL": null,
        "連絡先備考（その他、SNSなど）": null,
        "郵便番号": null,
        "員数（数）": "1",
        "員数（単位）": "点",
        "法人番号": 9250010000000.0,
        "所有者等": "（宗）松巌院",
        "文化財指定日": "1995/4/11",
        "利用可能曜日": null,
        "開始時間": null,
        "終了時間": null,
        "利用可能日時特記事項": null,
        "画像": null,
        "画像_ライセンス": null,
        "概要": "「岩国市の文化財」参照",
        "概要_英語": null,
        "説明": null,
        "説明_英語": null,
        "URL": null,
        "備考": null
      }
    },
    {
      "type": "Feature",
      "geometry": {
        "type": "Point",
        "coordinates": [
          132.043541,
          34.058221
        ]
      },
      "properties": {
        "全国地方公共団体コード": 352080,
        "ID": 500127,
        "地方公共団体名": "山口県岩国市",
        "name": "紙本墨書伝後鳥羽天皇宸翰御消息",
        "名称_カナ": "シホンボクショデンゴトバテンノウシンカンゴショウソク",
        "名称_通称": null,
        "名称_英語": null,
        "文化財分類": "市指定有形文化財",
        "種類": "書跡",
        "場所名称": null,
        "所在地_全国地方公共団体コード": 352080,
        "町字ID": null,
        "所在地_連結表記": "山口県岩国市周東町用田866",
        "所在地_都道府県": "山口県",
        "所在地_市区町村": "岩国市周東町用田866",
        "所在地_町字": null,
        "所在地_番地以下": null,
        "建物名等(方書)": null,
        "高度の種別": null,
        "高度の値": null,
        "電話番号": null,
        "内線番号": null,
        "連絡先メールアドレス": null,
        "連絡先FormURL": null,
        "連絡先備考（その他、SNSなど）": null,
        "郵便番号": null,
        "員数（数）": "1",
        "員数（単位）": "幅",
        "法人番号": 1250010000000.0,
        "所有者等": "（宗）極楽寺",
        "文化財指定日": "1975/12/10",
        "利用可能曜日": null,
        "開始時間": null,
        "終了時間": null,
        "利用可能日時特記事項": null,
        "画像": null,
        "画像_ライセンス": null,
        "概要": "「岩国市の文化財」参照",
        "概要_英語": null,
        "説明": null,
        "説明_英語": null,
        "URL": null,
        "備考": null
      }
    },
    {
      "type": "Feature",
      "geometry": {
        "type": "Point",
        "coordinates": [
          131.952006,
          34.262268
        ]
      },
      "properties": {
        "全国地方公共団体コード": 352080,
        "ID": 500128,
        "地方公共団体名": "山口県岩国市",
        "name": "大乗経",
        "名称_カナ": "ダイジョウキョウ",
        "名称_通称": null,
        "名称_英語": null,
        "文化財分類": "市指定有形文化財",
        "種類": "典籍",
        "場所名称": null,
        "所在地_全国地方公共団体コード": 352080,
        "町字ID": null,
        "所在地_連結表記": "山口県岩国市錦町広瀬1125（岩国市教育委員会錦支所）",
        "所在地_都道府県": "山口県",
        "所在地_市区町村": "岩国市錦町広瀬1125（岩国市教育委員会錦支所）",
        "所在地_町字": null,
        "所在地_番地以下": null,
        "建物名等(方書)": null,
        "高度の種別": null,
        "高度の値": null,
        "電話番号": null,
        "内線番号": null,
        "連絡先メールアドレス": null,
        "連絡先FormURL": null,
        "連絡先備考（その他、SNSなど）": null,
        "郵便番号": null,
        "員数（数）": "200",
        "員数（単位）": "巻",
        "法人番号": 6250010000000.0,
        "所有者等": "（宗）深竜寺",
        "文化財指定日": "1975/10/8",
        "利用可能曜日": null,
        "開始時間": null,
        "終了時間": null,
        "利用可能日時特記事項": null,
        "画像": null,
        "画像_ライセンス": null,
        "概要": "「岩国市の文化財」参照",
        "概要_英語": null,
        "説明": null,
        "説明_英語": null,
        "URL": null,
        "備考": null
      }
    },
    {
      "type": "Feature",
      "geometry": {
        "type": "Point",
        "coordinates": [
          132.176755,
          34.169341
        ]
      },
      "properties": {
        "全国地方公共団体コード": 352080,
        "ID": 500129,
        "地方公共団体名": "山口県岩国市",
        "name": "香川家文書",
        "名称_カナ": "カガワケモンジョ",
        "名称_通称": null,
        "名称_英語": null,
        "文化財分類": "市指定有形文化財",
        "種類": "古文書",
        "場所名称": null,
        "所在地_全国地方公共団体コード": 352080,
        "町字ID": null,
        "所在地_連結表記": "山口県岩国市横山2-4-9",
        "所在地_都道府県": "山口県",
        "所在地_市区町村": "岩国市横山2-4-9",
        "所在地_町字": null,
        "所在地_番地以下": null,
        "建物名等(方書)": null,
        "高度の種別": null,
        "高度の値": null,
        "電話番号": null,
        "内線番号": null,
        "連絡先メールアドレス": null,
        "連絡先FormURL": null,
        "連絡先備考（その他、SNSなど）": null,
        "郵便番号": null,
        "員数（数）": "314",
        "員数（単位）": "通",
        "法人番号": null,
        "所有者等": "個人",
        "文化財指定日": "1977/4/11",
        "利用可能曜日": null,
        "開始時間": null,
        "終了時間": null,
        "利用可能日時特記事項": null,
        "画像": null,
        "画像_ライセンス": null,
        "概要": "「岩国市の文化財」参照",
        "概要_英語": null,
        "説明": null,
        "説明_英語": null,
        "URL": null,
        "備考": null
      }
    },
    {
      "type": "Feature",
      "geometry": {
        "type": "Point",
        "coordinates": [
          132.06655,
          34.246437
        ]
      },
      "properties": {
        "全国地方公共団体コード": 352080,
        "ID": 500130,
        "地方公共団体名": "山口県岩国市",
        "name": "享保十七年虫枯亡者過去帳",
        "名称_カナ": "キョウホウジュウシチネンムシカレモウジャカコチョウ",
        "名称_通称": null,
        "名称_英語": null,
        "文化財分類": "市指定有形文化財",
        "種類": "古文書",
        "場所名称": null,
        "所在地_全国地方公共団体コード": 352080,
        "町字ID": null,
        "所在地_連結表記": "山口県岩国市美和町下畑1612",
        "所在地_都道府県": "山口県",
        "所在地_市区町村": "岩国市美和町下畑1612",
        "所在地_町字": null,
        "所在地_番地以下": null,
        "建物名等(方書)": null,
        "高度の種別": null,
        "高度の値": null,
        "電話番号": null,
        "内線番号": null,
        "連絡先メールアドレス": null,
        "連絡先FormURL": null,
        "連絡先備考（その他、SNSなど）": null,
        "郵便番号": null,
        "員数（数）": "1・1",
        "員数（単位）": "冊・冊",
        "法人番号": 2250010000000.0,
        "所有者等": "（宗）養専寺",
        "文化財指定日": "1976/3/24",
        "利用可能曜日": null,
        "開始時間": null,
        "終了時間": null,
        "利用可能日時特記事項": null,
        "画像": null,
        "画像_ライセンス": null,
        "概要": "「岩国市の文化財」参照",
        "概要_英語": null,
        "説明": null,
        "説明_英語": null,
        "URL": null,
        "備考": null
      }
    },
    {
      "type": "Feature",
      "geometry": {
        "type": "Point",
        "coordinates": [
          132.094076,
          34.303834
        ]
      },
      "properties": {
        "全国地方公共団体コード": 352080,
        "ID": 500131,
        "地方公共団体名": "山口県岩国市",
        "name": "過去帳 生見邑中虫枯餓死人付　善秀寺年代記",
        "名称_カナ": "カコチョウ　イキミムラジュウムシカレガシニン　ツケタリ　ゼンシュウジネンダイキ",
        "名称_通称": null,
        "名称_英語": null,
        "文化財分類": "市指定有形文化財",
        "種類": "古文書",
        "場所名称": null,
        "所在地_全国地方公共団体コード": 352080,
        "町字ID": null,
        "所在地_連結表記": "山口県岩国市美和町北中山2724",
        "所在地_都道府県": "山口県",
        "所在地_市区町村": "岩国市美和町北中山2724",
        "所在地_町字": null,
        "所在地_番地以下": null,
        "建物名等(方書)": null,
        "高度の種別": null,
        "高度の値": null,
        "電話番号": null,
        "内線番号": null,
        "連絡先メールアドレス": null,
        "連絡先FormURL": null,
        "連絡先備考（その他、SNSなど）": null,
        "郵便番号": null,
        "員数（数）": "1",
        "員数（単位）": "冊",
        "法人番号": 9250010000000.0,
        "所有者等": "（宗）防万寺",
        "文化財指定日": "1976/3/15",
        "利用可能曜日": null,
        "開始時間": null,
        "終了時間": null,
        "利用可能日時特記事項": null,
        "画像": null,
        "画像_ライセンス": null,
        "概要": "「岩国市の文化財」参照",
        "概要_英語": null,
        "説明": null,
        "説明_英語": null,
        "URL": null,
        "備考": null
      }
    },
    {
      "type": "Feature",
      "geometry": {
        "type": "Point",
        "coordinates": [
          132.093018,
          34.294177
        ]
      },
      "properties": {
        "全国地方公共団体コード": 352080,
        "ID": 500132,
        "地方公共団体名": "山口県岩国市",
        "name": "八幡宮御縁紀3巻",
        "名称_カナ": "ハチマングウゴエンギサンカン",
        "名称_通称": null,
        "名称_英語": null,
        "文化財分類": "市指定有形文化財",
        "種類": "古文書",
        "場所名称": null,
        "所在地_全国地方公共団体コード": 352080,
        "町字ID": null,
        "所在地_連結表記": "山口県岩国市美和町北中山1647",
        "所在地_都道府県": "山口県",
        "所在地_市区町村": "岩国市美和町北中山1647",
        "所在地_町字": null,
        "所在地_番地以下": null,
        "建物名等(方書)": null,
        "高度の種別": null,
        "高度の値": null,
        "電話番号": null,
        "内線番号": null,
        "連絡先メールアドレス": null,
        "連絡先FormURL": null,
        "連絡先備考（その他、SNSなど）": null,
        "郵便番号": null,
        "員数（数）": "3",
        "員数（単位）": "巻",
        "法人番号": 4250010000000.0,
        "所有者等": "（宗）八幡宮",
        "文化財指定日": "1982/4/27",
        "利用可能曜日": null,
        "開始時間": null,
        "終了時間": null,
        "利用可能日時特記事項": null,
        "画像": null,
        "画像_ライセンス": null,
        "概要": "「岩国市の文化財」参照",
        "概要_英語": null,
        "説明": null,
        "説明_英語": null,
        "URL": null,
        "備考": null
      }
    },
    {
      "type": "Feature",
      "geometry": {
        "type": "Point",
        "coordinates": [
          132.043541,
          34.058221
        ]
      },
      "properties": {
        "全国地方公共団体コード": 352080,
        "ID": 500133,
        "地方公共団体名": "山口県岩国市",
        "name": "紙本墨書極楽寺文書",
        "名称_カナ": "シホンボクショゴクラクジモンジョ",
        "名称_通称": null,
        "名称_英語": null,
        "文化財分類": "市指定有形文化財",
        "種類": "古文書",
        "場所名称": null,
        "所在地_全国地方公共団体コード": 352080,
        "町字ID": null,
        "所在地_連結表記": "山口県岩国市周東町用田866",
        "所在地_都道府県": "山口県",
        "所在地_市区町村": "岩国市周東町用田866",
        "所在地_町字": null,
        "所在地_番地以下": null,
        "建物名等(方書)": null,
        "高度の種別": null,
        "高度の値": null,
        "電話番号": null,
        "内線番号": null,
        "連絡先メールアドレス": null,
        "連絡先FormURL": null,
        "連絡先備考（その他、SNSなど）": null,
        "郵便番号": null,
        "員数（数）": "1",
        "員数（単位）": "巻",
        "法人番号": 1250010000000.0,
        "所有者等": "（宗）極楽寺",
        "文化財指定日": "1975/12/10",
        "利用可能曜日": null,
        "開始時間": null,
        "終了時間": null,
        "利用可能日時特記事項": null,
        "画像": null,
        "画像_ライセンス": null,
        "概要": "「岩国市の文化財」参照",
        "概要_英語": null,
        "説明": null,
        "説明_英語": null,
        "URL": null,
        "備考": null
      }
    },
    {
      "type": "Feature",
      "geometry": {
        "type": "Point",
        "coordinates": [
          131.472799,
          34.182496
        ]
      },
      "properties": {
        "全国地方公共団体コード": 352080,
        "ID": 500134,
        "地方公共団体名": "山口県岩国市",
        "name": "出師の檄及び長州征伐の記録",
        "名称_カナ": "スイシノゲキオヨビチョウシュウセイバツノキロク",
        "名称_通称": null,
        "名称_英語": null,
        "文化財分類": "市指定有形文化財",
        "種類": "古文書",
        "場所名称": null,
        "所在地_全国地方公共団体コード": 352080,
        "町字ID": null,
        "所在地_連結表記": "山口県山口市春日町8-2（山口県立山口博物館）",
        "所在地_都道府県": "山口県",
        "所在地_市区町村": "山口市春日町8-2（山口県立山口博物館）",
        "所在地_町字": null,
        "所在地_番地以下": null,
        "建物名等(方書)": null,
        "高度の種別": null,
        "高度の値": null,
        "電話番号": null,
        "内線番号": null,
        "連絡先メールアドレス": null,
        "連絡先FormURL": null,
        "連絡先備考（その他、SNSなど）": null,
        "郵便番号": null,
        "員数（数）": "1・2",
        "員数（単位）": "枚・冊",
        "法人番号": null,
        "所有者等": "個人",
        "文化財指定日": "1975/10/8",
        "利用可能曜日": null,
        "開始時間": null,
        "終了時間": null,
        "利用可能日時特記事項": null,
        "画像": null,
        "画像_ライセンス": null,
        "概要": "「岩国市の文化財」参照",
        "概要_英語": null,
        "説明": null,
        "説明_英語": null,
        "URL": null,
        "備考": null
      }
    },
    {
      "type": "Feature",
      "geometry": {
        "type": "Point",
        "coordinates": [
          132.04849,
          34.436437
        ]
      },
      "properties": {
        "全国地方公共団体コード": 352080,
        "ID": 500135,
        "地方公共団体名": "山口県岩国市",
        "name": "宇佐八幡宮の棟札",
        "名称_カナ": "ウサハチマングウノムナフダ",
        "名称_通称": null,
        "名称_英語": null,
        "文化財分類": "市指定有形文化財",
        "種類": "古文書",
        "場所名称": null,
        "所在地_全国地方公共団体コード": 352080,
        "町字ID": null,
        "所在地_連結表記": "山口県岩国市錦町宇佐",
        "所在地_都道府県": "山口県",
        "所在地_市区町村": "岩国市錦町宇佐",
        "所在地_町字": null,
        "所在地_番地以下": null,
        "建物名等(方書)": null,
        "高度の種別": null,
        "高度の値": null,
        "電話番号": null,
        "内線番号": null,
        "連絡先メールアドレス": null,
        "連絡先FormURL": null,
        "連絡先備考（その他、SNSなど）": null,
        "郵便番号": null,
        "員数（数）": "5",
        "員数（単位）": "枚",
        "法人番号": 7250010000000.0,
        "所有者等": "（宗）八幡宮　（宇佐八幡宮）",
        "文化財指定日": "1980/10/1",
        "利用可能曜日": null,
        "開始時間": null,
        "終了時間": null,
        "利用可能日時特記事項": null,
        "画像": null,
        "画像_ライセンス": null,
        "概要": "「岩国市の文化財」参照",
        "概要_英語": null,
        "説明": null,
        "説明_英語": null,
        "URL": null,
        "備考": null
      }
    },
    {
      "type": "Feature",
      "geometry": {
        "type": "Point",
        "coordinates": [
          132.178259,
          34.174754
        ]
      },
      "properties": {
        "全国地方公共団体コード": 352080,
        "ID": 500136,
        "地方公共団体名": "山口県岩国市",
        "name": "吉川家文書（明治追加）32巻　付　明治追加目録1冊",
        "名称_カナ": "キッカワケモンジョ（メイジツイカ）サンジュウニカン　ツケタリ　メイジツイカモクロクイッサツ",
        "名称_通称": null,
        "名称_英語": null,
        "文化財分類": "市指定有形文化財",
        "種類": "古文書",
        "場所名称": null,
        "所在地_全国地方公共団体コード": 352080,
        "町字ID": null,
        "所在地_連結表記": "山口県岩国市横山3-391-13",
        "所在地_都道府県": "山口県",
        "所在地_市区町村": "岩国市横山3-391-13",
        "所在地_町字": null,
        "所在地_番地以下": null,
        "建物名等(方書)": null,
        "高度の種別": null,
        "高度の値": null,
        "電話番号": "0827-41-1010",
        "内線番号": null,
        "連絡先メールアドレス": null,
        "連絡先FormURL": null,
        "連絡先備考（その他、SNSなど）": null,
        "郵便番号": null,
        "員数（数）": "32",
        "員数（単位）": "巻",
        "法人番号": 1250010000000.0,
        "所有者等": "（公財）吉川報效会",
        "文化財指定日": "2018/4/19",
        "利用可能曜日": "水曜日休館",
        "開始時間": "9:00:00",
        "終了時間": "17:00:00",
        "利用可能日時特記事項": null,
        "画像": null,
        "画像_ライセンス": null,
        "概要": null,
        "概要_英語": null,
        "説明": null,
        "説明_英語": null,
        "URL": "https://www.kikkawa7.or.jp/",
        "備考": null
      }
    },
    {
      "type": "Feature",
      "geometry": {
        "type": "Point",
        "coordinates": [
          132.209341,
          34.159872
        ]
      },
      "properties": {
        "全国地方公共団体コード": 352080,
        "ID": 500137,
        "地方公共団体名": "山口県岩国市",
        "name": "白崎八幡宮の御神殿棟札",
        "名称_カナ": "シラサキハチマングウノゴシンデンムナフダ",
        "名称_通称": null,
        "名称_英語": null,
        "文化財分類": "市指定有形文化財",
        "種類": "歴史資料",
        "場所名称": null,
        "所在地_全国地方公共団体コード": 352080,
        "町字ID": null,
        "所在地_連結表記": "山口県岩国市今津町6-12-23",
        "所在地_都道府県": "山口県",
        "所在地_市区町村": "岩国市今津町6-12-23",
        "所在地_町字": null,
        "所在地_番地以下": null,
        "建物名等(方書)": null,
        "高度の種別": null,
        "高度の値": null,
        "電話番号": null,
        "内線番号": null,
        "連絡先メールアドレス": null,
        "連絡先FormURL": null,
        "連絡先備考（その他、SNSなど）": null,
        "郵便番号": null,
        "員数（数）": "1",
        "員数（単位）": "枚",
        "法人番号": 2250010000000.0,
        "所有者等": "（宗）白崎八幡宮",
        "文化財指定日": "1981/8/20",
        "利用可能曜日": null,
        "開始時間": null,
        "終了時間": null,
        "利用可能日時特記事項": null,
        "画像": null,
        "画像_ライセンス": null,
        "概要": "「岩国市の文化財」参照",
        "概要_英語": null,
        "説明": null,
        "説明_英語": null,
        "URL": null,
        "備考": null
      }
    },
    {
      "type": "Feature",
      "geometry": {
        "type": "Point",
        "coordinates": [
          132.176658,
          34.172011
        ]
      },
      "properties": {
        "全国地方公共団体コード": 352080,
        "ID": 500138,
        "地方公共団体名": "山口県岩国市",
        "name": "吉香神社棟札",
        "名称_カナ": "キッコウジンジャムナフダ",
        "名称_通称": null,
        "名称_英語": null,
        "文化財分類": "市指定有形文化財",
        "種類": "歴史資料",
        "場所名称": null,
        "所在地_全国地方公共団体コード": 352080,
        "町字ID": null,
        "所在地_連結表記": "山口県岩国市横山2-8-5",
        "所在地_都道府県": "山口県",
        "所在地_市区町村": "岩国市横山2-8-5",
        "所在地_町字": null,
        "所在地_番地以下": null,
        "建物名等(方書)": null,
        "高度の種別": null,
        "高度の値": null,
        "電話番号": null,
        "内線番号": null,
        "連絡先メールアドレス": null,
        "連絡先FormURL": null,
        "連絡先備考（その他、SNSなど）": null,
        "郵便番号": null,
        "員数（数）": "3",
        "員数（単位）": "枚",
        "法人番号": 5250010000000.0,
        "所有者等": "（宗）吉香神社",
        "文化財指定日": "2005/12/22",
        "利用可能曜日": null,
        "開始時間": null,
        "終了時間": null,
        "利用可能日時特記事項": null,
        "画像": null,
        "画像_ライセンス": null,
        "概要": "「岩国市の文化財」参照",
        "概要_英語": null,
        "説明": null,
        "説明_英語": null,
        "URL": null,
        "備考": null
      }
    },
    {
      "type": "Feature",
      "geometry": {
        "type": "Point",
        "coordinates": [
          132.17714,
          34.170967
        ]
      },
      "properties": {
        "全国地方公共団体コード": 352080,
        "ID": 500139,
        "地方公共団体名": "山口県岩国市",
        "name": "錦帯橋架替図",
        "名称_カナ": "キンタイキョウカケカエズ",
        "名称_通称": null,
        "名称_英語": null,
        "文化財分類": "市指定有形文化財",
        "種類": "歴史資料",
        "場所名称": null,
        "所在地_全国地方公共団体コード": 352080,
        "町字ID": null,
        "所在地_連結表記": "山口県岩国市横山2-7-19　（岩国徴古館）",
        "所在地_都道府県": "山口県",
        "所在地_市区町村": "岩国市横山2-7-19　（岩国徴古館）",
        "所在地_町字": null,
        "所在地_番地以下": null,
        "建物名等(方書)": null,
        "高度の種別": null,
        "高度の値": null,
        "電話番号": "0827-41-0452",
        "内線番号": null,
        "連絡先メールアドレス": null,
        "連絡先FormURL": null,
        "連絡先備考（その他、SNSなど）": null,
        "郵便番号": null,
        "員数（数）": "13",
        "員数（単位）": "枚",
        "法人番号": 1000020000000.0,
        "所有者等": "岩国市",
        "文化財指定日": "2005/12/22",
        "利用可能曜日": "月曜日休館",
        "開始時間": "9:00:00",
        "終了時間": "17:00:00",
        "利用可能日時特記事項": null,
        "画像": null,
        "画像_ライセンス": null,
        "概要": "「岩国市の文化財」参照",
        "概要_英語": null,
        "説明": null,
        "説明_英語": null,
        "URL": "https://www.city.iwakuni.lg.jp/",
        "備考": null
      }
    },
    {
      "type": "Feature",
      "geometry": {
        "type": "Point",
        "coordinates": [
          132.17714,
          34.170967
        ]
      },
      "properties": {
        "全国地方公共団体コード": 352080,
        "ID": 500194,
        "地方公共団体名": "山口県岩国市",
        "name": "中津居館跡一括出土銭",
        "名称_カナ": "ナカヅキョカンアトイッカツシュツドセン",
        "名称_通称": null,
        "名称_英語": null,
        "文化財分類": "市指定有形文化財",
        "種類": "考古資料",
        "場所名称": null,
        "所在地_全国地方公共団体コード": 352080,
        "町字ID": null,
        "所在地_連結表記": "山口県岩国市横山2-7-19　（岩国徴古館）",
        "所在地_都道府県": "山口県",
        "所在地_市区町村": "岩国市横山2-7-19　（岩国徴古館）",
        "所在地_町字": null,
        "所在地_番地以下": null,
        "建物名等(方書)": null,
        "高度の種別": null,
        "高度の値": null,
        "電話番号": "0827-41-0452",
        "内線番号": null,
        "連絡先メールアドレス": null,
        "連絡先FormURL": null,
        "連絡先備考（その他、SNSなど）": null,
        "郵便番号": null,
        "員数（数）": "一括",
        "員数（単位）": null,
        "法人番号": 1000020000000.0,
        "所有者等": "岩国市",
        "文化財指定日": "2020/9/30",
        "利用可能曜日": "月曜日休館",
        "開始時間": "9:00:00",
        "終了時間": "17:00:00",
        "利用可能日時特記事項": null,
        "画像": null,
        "画像_ライセンス": null,
        "概要": null,
        "概要_英語": null,
        "説明": null,
        "説明_英語": null,
        "URL": null,
        "備考": null
      }
    },
    {
      "type": "Feature",
      "geometry": {
        "type": "Point",
        "coordinates": [
          132.146709,
          34.132126
        ]
      },
      "properties": {
        "全国地方公共団体コード": 352080,
        "ID": 500140,
        "地方公共団体名": "山口県岩国市",
        "name": "千体仏",
        "名称_カナ": "セインタイブツ",
        "名称_通称": null,
        "名称_英語": null,
        "文化財分類": "市指定有形民俗文化財",
        "種類": null,
        "場所名称": null,
        "所在地_全国地方公共団体コード": 352080,
        "町字ID": null,
        "所在地_連結表記": "山口県岩国市大字柱野1483",
        "所在地_都道府県": "山口県",
        "所在地_市区町村": "岩国市大字柱野1483",
        "所在地_町字": null,
        "所在地_番地以下": null,
        "建物名等(方書)": null,
        "高度の種別": null,
        "高度の値": null,
        "電話番号": null,
        "内線番号": null,
        "連絡先メールアドレス": null,
        "連絡先FormURL": null,
        "連絡先備考（その他、SNSなど）": null,
        "郵便番号": null,
        "員数（数）": "795",
        "員数（単位）": "体",
        "法人番号": null,
        "所有者等": "個人",
        "文化財指定日": "1978/5/15",
        "利用可能曜日": null,
        "開始時間": null,
        "終了時間": null,
        "利用可能日時特記事項": null,
        "画像": null,
        "画像_ライセンス": null,
        "概要": "「岩国市の文化財」参照",
        "概要_英語": null,
        "説明": null,
        "説明_英語": null,
        "URL": null,
        "備考": null
      }
    },
    {
      "type": "Feature",
      "geometry": {
        "type": "Point",
        "coordinates": [
          132.088072,
          34.090047
        ]
      },
      "properties": {
        "全国地方公共団体コード": 352080,
        "ID": 500141,
        "地方公共団体名": "山口県岩国市",
        "name": "祥雲寺の請雨作法1式　請雨経版木1式　諸龍王像画4幅　四大龍王像画并仏名幅画5幅　丈観和尚像画1幅",
        "名称_カナ": "ショウウンジノショウウサホウイッシキ　ショウウキョウハンギイッシキ　ショリュウオウゾウガシフク　シダイリュウオウゾウガナラビニブツメイフクガゴフク　ジョウカンオショウゾウガイップク",
        "名称_通称": null,
        "名称_英語": null,
        "文化財分類": "市指定有形民俗文化財",
        "種類": null,
        "場所名称": null,
        "所在地_全国地方公共団体コード": 352080,
        "町字ID": null,
        "所在地_連結表記": "山口県岩国市玖珂町字本郷原805",
        "所在地_都道府県": "山口県",
        "所在地_市区町村": "岩国市玖珂町字本郷原805",
        "所在地_町字": null,
        "所在地_番地以下": null,
        "建物名等(方書)": null,
        "高度の種別": null,
        "高度の値": null,
        "電話番号": null,
        "内線番号": null,
        "連絡先メールアドレス": null,
        "連絡先FormURL": null,
        "連絡先備考（その他、SNSなど）": null,
        "郵便番号": null,
        "員数（数）": "版木一式及び10帳",
        "員数（単位）": "版木一式及び10帳",
        "法人番号": 4250010000000.0,
        "所有者等": "（宗）祥雲寺",
        "文化財指定日": "2005/12/27",
        "利用可能曜日": null,
        "開始時間": null,
        "終了時間": null,
        "利用可能日時特記事項": null,
        "画像": null,
        "画像_ライセンス": null,
        "概要": "「岩国市の文化財」参照",
        "概要_英語": null,
        "説明": null,
        "説明_英語": null,
        "URL": null,
        "備考": null
      }
    },
    {
      "type": "Feature",
      "geometry": {
        "type": "Point",
        "coordinates": [
          132.079247,
          34.111924
        ]
      },
      "properties": {
        "全国地方公共団体コード": 352080,
        "ID": 500142,
        "地方公共団体名": "山口県岩国市",
        "name": "石風呂",
        "名称_カナ": "イシブロ",
        "名称_通称": null,
        "名称_英語": null,
        "文化財分類": "市指定有形民俗文化財",
        "種類": null,
        "場所名称": null,
        "所在地_全国地方公共団体コード": 352080,
        "町字ID": null,
        "所在地_連結表記": "山口県岩国市玖珂町字赤羽根257-1",
        "所在地_都道府県": "山口県",
        "所在地_市区町村": "岩国市玖珂町字赤羽根257-1",
        "所在地_町字": null,
        "所在地_番地以下": null,
        "建物名等(方書)": null,
        "高度の種別": null,
        "高度の値": null,
        "電話番号": null,
        "内線番号": null,
        "連絡先メールアドレス": null,
        "連絡先FormURL": null,
        "連絡先備考（その他、SNSなど）": null,
        "郵便番号": null,
        "員数（数）": "1",
        "員数（単位）": "基",
        "法人番号": null,
        "所有者等": "個人",
        "文化財指定日": "2005/12/27",
        "利用可能曜日": null,
        "開始時間": null,
        "終了時間": null,
        "利用可能日時特記事項": null,
        "画像": null,
        "画像_ライセンス": null,
        "概要": "「岩国市の文化財」参照",
        "概要_英語": null,
        "説明": null,
        "説明_英語": null,
        "URL": null,
        "備考": null
      }
    },
    {
      "type": "Feature",
      "geometry": {
        "type": "Point",
        "coordinates": [
          132.067048,
          34.088536
        ]
      },
      "properties": {
        "全国地方公共団体コード": 352080,
        "ID": 500143,
        "地方公共団体名": "山口県岩国市",
        "name": "千束の妙見道の道標",
        "名称_カナ": "センゾクノミョウケンミチノドウヒョウ",
        "名称_通称": null,
        "名称_英語": null,
        "文化財分類": "市指定有形民俗文化財",
        "種類": null,
        "場所名称": null,
        "所在地_全国地方公共団体コード": 352080,
        "町字ID": null,
        "所在地_連結表記": "山口県岩国市周東町字下千束6605-4",
        "所在地_都道府県": "山口県",
        "所在地_市区町村": "岩国市周東町字下千束6605-4",
        "所在地_町字": null,
        "所在地_番地以下": null,
        "建物名等(方書)": null,
        "高度の種別": null,
        "高度の値": null,
        "電話番号": null,
        "内線番号": null,
        "連絡先メールアドレス": null,
        "連絡先FormURL": null,
        "連絡先備考（その他、SNSなど）": null,
        "郵便番号": null,
        "員数（数）": "2",
        "員数（単位）": "基",
        "法人番号": null,
        "所有者等": "個人",
        "文化財指定日": "2005/12/27",
        "利用可能曜日": null,
        "開始時間": null,
        "終了時間": null,
        "利用可能日時特記事項": null,
        "画像": null,
        "画像_ライセンス": null,
        "概要": "「岩国市の文化財」参照",
        "概要_英語": null,
        "説明": null,
        "説明_英語": null,
        "URL": null,
        "備考": null
      }
    },
    {
      "type": "Feature",
      "geometry": {
        "type": "Point",
        "coordinates": [
          132.095131,
          34.1069
        ]
      },
      "properties": {
        "全国地方公共団体コード": 352080,
        "ID": 500144,
        "地方公共団体名": "山口県岩国市",
        "name": "有延の二井寺道の道標",
        "名称_カナ": "アリノブノニイテラミチノドウヒョウ",
        "名称_通称": null,
        "名称_英語": null,
        "文化財分類": "市指定有形民俗文化財",
        "種類": null,
        "場所名称": null,
        "所在地_全国地方公共団体コード": 352080,
        "町字ID": null,
        "所在地_連結表記": "山口県岩国市玖珂町字今桝",
        "所在地_都道府県": "山口県",
        "所在地_市区町村": "岩国市玖珂町字今桝",
        "所在地_町字": null,
        "所在地_番地以下": null,
        "建物名等(方書)": null,
        "高度の種別": null,
        "高度の値": null,
        "電話番号": null,
        "内線番号": null,
        "連絡先メールアドレス": null,
        "連絡先FormURL": null,
        "連絡先備考（その他、SNSなど）": null,
        "郵便番号": null,
        "員数（数）": "1",
        "員数（単位）": "基",
        "法人番号": null,
        "所有者等": "個人",
        "文化財指定日": "2005/12/27",
        "利用可能曜日": null,
        "開始時間": null,
        "終了時間": null,
        "利用可能日時特記事項": null,
        "画像": null,
        "画像_ライセンス": null,
        "概要": "「岩国市の文化財」参照",
        "概要_英語": null,
        "説明": null,
        "説明_英語": null,
        "URL": null,
        "備考": null
      }
    },
    {
      "type": "Feature",
      "geometry": {
        "type": "Point",
        "coordinates": [
          132.079885,
          34.103244
        ]
      },
      "properties": {
        "全国地方公共団体コード": 352080,
        "ID": 500145,
        "地方公共団体名": "山口県岩国市",
        "name": "谷津下の弥山道の道標",
        "名称_カナ": "ヤツシモノミセンミチノドウヒョウ",
        "名称_通称": null,
        "名称_英語": null,
        "文化財分類": "市指定有形民俗文化財",
        "種類": null,
        "場所名称": null,
        "所在地_全国地方公共団体コード": 352080,
        "町字ID": null,
        "所在地_連結表記": "山口県岩国市玖珂町字中谷津638-3",
        "所在地_都道府県": "山口県",
        "所在地_市区町村": "岩国市玖珂町字中谷津638-3",
        "所在地_町字": null,
        "所在地_番地以下": null,
        "建物名等(方書)": null,
        "高度の種別": null,
        "高度の値": null,
        "電話番号": "0827-29-5098",
        "内線番号": null,
        "連絡先メールアドレス": null,
        "連絡先FormURL": null,
        "連絡先備考（その他、SNSなど）": null,
        "郵便番号": null,
        "員数（数）": "1",
        "員数（単位）": "基",
        "法人番号": 1000020000000.0,
        "所有者等": "岩国市",
        "文化財指定日": "2005/12/27",
        "利用可能曜日": null,
        "開始時間": null,
        "終了時間": null,
        "利用可能日時特記事項": null,
        "画像": null,
        "画像_ライセンス": null,
        "概要": "「岩国市の文化財」参照",
        "概要_英語": null,
        "説明": null,
        "説明_英語": null,
        "URL": null,
        "備考": null
      }
    },
    {
      "type": "Feature",
      "geometry": {
        "type": "Point",
        "coordinates": [
          131.994018,
          34.280769
        ]
      },
      "properties": {
        "全国地方公共団体コード": 352080,
        "ID": 500146,
        "地方公共団体名": "山口県岩国市",
        "name": "府谷三本松治水功績碑",
        "名称_カナ": "フノタニサンボンマツチスイコウセキヒ",
        "名称_通称": null,
        "名称_英語": null,
        "文化財分類": "市指定有形民俗文化財",
        "種類": null,
        "場所名称": null,
        "所在地_全国地方公共団体コード": 352080,
        "町字ID": null,
        "所在地_連結表記": "山口県岩国市錦町府谷",
        "所在地_都道府県": "山口県",
        "所在地_市区町村": "岩国市錦町府谷",
        "所在地_町字": null,
        "所在地_番地以下": null,
        "建物名等(方書)": null,
        "高度の種別": null,
        "高度の値": null,
        "電話番号": null,
        "内線番号": null,
        "連絡先メールアドレス": null,
        "連絡先FormURL": null,
        "連絡先備考（その他、SNSなど）": null,
        "郵便番号": null,
        "員数（数）": "1",
        "員数（単位）": "基",
        "法人番号": null,
        "所有者等": "府谷地区",
        "文化財指定日": "1984/12/10",
        "利用可能曜日": null,
        "開始時間": null,
        "終了時間": null,
        "利用可能日時特記事項": null,
        "画像": null,
        "画像_ライセンス": null,
        "概要": "「岩国市の文化財」参照",
        "概要_英語": null,
        "説明": null,
        "説明_英語": null,
        "URL": null,
        "備考": null
      }
    },
    {
      "type": "Feature",
      "geometry": {
        "type": "Point",
        "coordinates": [
          132.095491,
          34.171759
        ]
      },
      "properties": {
        "全国地方公共団体コード": 352080,
        "ID": 500147,
        "地方公共団体名": "山口県岩国市",
        "name": "下の神楽",
        "名称_カナ": "シモノカグラ",
        "名称_通称": null,
        "名称_英語": null,
        "文化財分類": "市指定無形民俗文化財",
        "種類": null,
        "場所名称": null,
        "所在地_全国地方公共団体コード": 352080,
        "町字ID": null,
        "所在地_連結表記": "山口県岩国市大字下",
        "所在地_都道府県": "山口県",
        "所在地_市区町村": "岩国市大字下",
        "所在地_町字": null,
        "所在地_番地以下": null,
        "建物名等(方書)": null,
        "高度の種別": null,
        "高度の値": null,
        "電話番号": null,
        "内線番号": null,
        "連絡先メールアドレス": null,
        "連絡先FormURL": null,
        "連絡先備考（その他、SNSなど）": null,
        "郵便番号": null,
        "員数（数）": null,
        "員数（単位）": null,
        "法人番号": null,
        "所有者等": "下の神楽保存会",
        "文化財指定日": "1989/3/17",
        "利用可能曜日": null,
        "開始時間": null,
        "終了時間": null,
        "利用可能日時特記事項": null,
        "画像": null,
        "画像_ライセンス": null,
        "概要": "「岩国市の文化財」参照",
        "概要_英語": null,
        "説明": null,
        "説明_英語": null,
        "URL": null,
        "備考": null
      }
    },
    {
      "type": "Feature",
      "geometry": {
        "type": "Point",
        "coordinates": [
          132.125154,
          34.287522
        ]
      },
      "properties": {
        "全国地方公共団体コード": 352080,
        "ID": 500148,
        "地方公共団体名": "山口県岩国市",
        "name": "釜ヶ原神楽",
        "名称_カナ": "カマガハラカグラ",
        "名称_通称": null,
        "名称_英語": null,
        "文化財分類": "市指定無形民俗文化財",
        "種類": null,
        "場所名称": null,
        "所在地_全国地方公共団体コード": 352080,
        "町字ID": null,
        "所在地_連結表記": "山口県岩国市美和町釜ヶ原",
        "所在地_都道府県": "山口県",
        "所在地_市区町村": "岩国市美和町釜ヶ原",
        "所在地_町字": null,
        "所在地_番地以下": null,
        "建物名等(方書)": null,
        "高度の種別": null,
        "高度の値": null,
        "電話番号": null,
        "内線番号": null,
        "連絡先メールアドレス": null,
        "連絡先FormURL": null,
        "連絡先備考（その他、SNSなど）": null,
        "郵便番号": null,
        "員数（数）": null,
        "員数（単位）": null,
        "法人番号": null,
        "所有者等": "釜ヶ原神楽団",
        "文化財指定日": "1993/3/12",
        "利用可能曜日": null,
        "開始時間": null,
        "終了時間": null,
        "利用可能日時特記事項": null,
        "画像": null,
        "画像_ライセンス": null,
        "概要": "「岩国市の文化財」参照",
        "概要_英語": null,
        "説明": null,
        "説明_英語": null,
        "URL": null,
        "備考": null
      }
    },
    {
      "type": "Feature",
      "geometry": {
        "type": "Point",
        "coordinates": [
          132.219164,
          34.166745
        ]
      },
      "properties": {
        "全国地方公共団体コード": 352080,
        "ID": 500149,
        "地方公共団体名": "山口県岩国市",
        "name": "生見中村ねんぶつ行事",
        "名称_カナ": "イキミナカムラネンブツギョウジ",
        "名称_通称": null,
        "名称_英語": null,
        "文化財分類": "市指定無形民俗文化財",
        "種類": null,
        "場所名称": null,
        "所在地_全国地方公共団体コード": 352080,
        "町字ID": null,
        "所在地_連結表記": "山口県岩国市美和町生見中村",
        "所在地_都道府県": "山口県",
        "所在地_市区町村": "岩国市美和町生見中村",
        "所在地_町字": null,
        "所在地_番地以下": null,
        "建物名等(方書)": null,
        "高度の種別": null,
        "高度の値": null,
        "電話番号": null,
        "内線番号": null,
        "連絡先メールアドレス": null,
        "連絡先FormURL": null,
        "連絡先備考（その他、SNSなど）": null,
        "郵便番号": null,
        "員数（数）": null,
        "員数（単位）": null,
        "法人番号": null,
        "所有者等": "中村地区",
        "文化財指定日": "1995/3/3",
        "利用可能曜日": null,
        "開始時間": null,
        "終了時間": null,
        "利用可能日時特記事項": null,
        "画像": null,
        "画像_ライセンス": null,
        "概要": "「岩国市の文化財」参照",
        "概要_英語": null,
        "説明": null,
        "説明_英語": null,
        "URL": null,
        "備考": null
      }
    },
    {
      "type": "Feature",
      "geometry": {
        "type": "Point",
        "coordinates": [
          132.038197,
          34.091143
        ]
      },
      "properties": {
        "全国地方公共団体コード": 352080,
        "ID": 500150,
        "地方公共団体名": "山口県岩国市",
        "name": "長野神楽舞",
        "名称_カナ": "ナガノカグラマイ",
        "名称_通称": null,
        "名称_英語": null,
        "文化財分類": "市指定無形民俗文化財",
        "種類": null,
        "場所名称": null,
        "所在地_全国地方公共団体コード": 352080,
        "町字ID": null,
        "所在地_連結表記": "山口県岩国市周東町西長野字奥長野",
        "所在地_都道府県": "山口県",
        "所在地_市区町村": "岩国市周東町西長野字奥長野",
        "所在地_町字": null,
        "所在地_番地以下": null,
        "建物名等(方書)": null,
        "高度の種別": null,
        "高度の値": null,
        "電話番号": null,
        "内線番号": null,
        "連絡先メールアドレス": null,
        "連絡先FormURL": null,
        "連絡先備考（その他、SNSなど）": null,
        "郵便番号": null,
        "員数（数）": null,
        "員数（単位）": null,
        "法人番号": null,
        "所有者等": "長野神楽舞保存会",
        "文化財指定日": "1986/2/21",
        "利用可能曜日": null,
        "開始時間": null,
        "終了時間": null,
        "利用可能日時特記事項": null,
        "画像": null,
        "画像_ライセンス": null,
        "概要": "「岩国市の文化財」参照",
        "概要_英語": null,
        "説明": null,
        "説明_英語": null,
        "URL": null,
        "備考": null
      }
    },
    {
      "type": "Feature",
      "geometry": {
        "type": "Point",
        "coordinates": [
          132.14492,
          34.036384
        ]
      },
      "properties": {
        "全国地方公共団体コード": 352080,
        "ID": 500151,
        "地方公共団体名": "山口県岩国市",
        "name": "笠塚神楽",
        "名称_カナ": "カサヅカカグラ",
        "名称_通称": null,
        "名称_英語": null,
        "文化財分類": "市指定無形民俗文化財",
        "種類": null,
        "場所名称": null,
        "所在地_全国地方公共団体コード": 352080,
        "町字ID": null,
        "所在地_連結表記": "山口県岩国市由宇町笠塚",
        "所在地_都道府県": "山口県",
        "所在地_市区町村": "岩国市由宇町笠塚",
        "所在地_町字": null,
        "所在地_番地以下": null,
        "建物名等(方書)": null,
        "高度の種別": null,
        "高度の値": null,
        "電話番号": null,
        "内線番号": null,
        "連絡先メールアドレス": null,
        "連絡先FormURL": null,
        "連絡先備考（その他、SNSなど）": null,
        "郵便番号": null,
        "員数（数）": null,
        "員数（単位）": null,
        "法人番号": null,
        "所有者等": "笠塚神楽舞保存会",
        "文化財指定日": "1980/2/3",
        "利用可能曜日": null,
        "開始時間": null,
        "終了時間": null,
        "利用可能日時特記事項": null,
        "画像": null,
        "画像_ライセンス": null,
        "概要": "「岩国市の文化財」参照",
        "概要_英語": null,
        "説明": null,
        "説明_英語": null,
        "URL": null,
        "備考": null
      }
    },
    {
      "type": "Feature",
      "geometry": {
        "type": "Point",
        "coordinates": [
          132.088072,
          34.090047
        ]
      },
      "properties": {
        "全国地方公共団体コード": 352080,
        "ID": 500152,
        "地方公共団体名": "山口県岩国市",
        "name": "谷津神楽舞",
        "名称_カナ": "ヤツカグラマイ",
        "名称_通称": null,
        "名称_英語": null,
        "文化財分類": "市指定無形民俗文化財",
        "種類": null,
        "場所名称": null,
        "所在地_全国地方公共団体コード": 352080,
        "町字ID": null,
        "所在地_連結表記": "山口県岩国市玖珂町字山王原345",
        "所在地_都道府県": "山口県",
        "所在地_市区町村": "岩国市玖珂町字山王原345",
        "所在地_町字": null,
        "所在地_番地以下": null,
        "建物名等(方書)": null,
        "高度の種別": null,
        "高度の値": null,
        "電話番号": null,
        "内線番号": null,
        "連絡先メールアドレス": null,
        "連絡先FormURL": null,
        "連絡先備考（その他、SNSなど）": null,
        "郵便番号": null,
        "員数（数）": "湯立の神事及び12演目",
        "員数（単位）": "湯立の神事及び12演目",
        "法人番号": null,
        "所有者等": "谷津神楽舞保存会",
        "文化財指定日": "2005/12/27",
        "利用可能曜日": null,
        "開始時間": null,
        "終了時間": null,
        "利用可能日時特記事項": null,
        "画像": null,
        "画像_ライセンス": null,
        "概要": "「岩国市の文化財」参照",
        "概要_英語": null,
        "説明": null,
        "説明_英語": null,
        "URL": null,
        "備考": null
      }
    },
    {
      "type": "Feature",
      "geometry": {
        "type": "Point",
        "coordinates": [
          132.023737,
          34.387371
        ]
      },
      "properties": {
        "全国地方公共団体コード": 352080,
        "ID": 500153,
        "地方公共団体名": "山口県岩国市",
        "name": "向峠神楽",
        "名称_カナ": "ムカタオカグラ",
        "名称_通称": null,
        "名称_英語": null,
        "文化財分類": "市指定無形民俗文化財",
        "種類": null,
        "場所名称": null,
        "所在地_全国地方公共団体コード": 352080,
        "町字ID": null,
        "所在地_連結表記": "山口県岩国市錦町宇佐郷(向峠)",
        "所在地_都道府県": "山口県",
        "所在地_市区町村": "岩国市錦町宇佐郷(向峠)",
        "所在地_町字": null,
        "所在地_番地以下": null,
        "建物名等(方書)": null,
        "高度の種別": null,
        "高度の値": null,
        "電話番号": null,
        "内線番号": null,
        "連絡先メールアドレス": null,
        "連絡先FormURL": null,
        "連絡先備考（その他、SNSなど）": null,
        "郵便番号": null,
        "員数（数）": null,
        "員数（単位）": null,
        "法人番号": null,
        "所有者等": "向峠神楽保存会",
        "文化財指定日": "1975/5/27",
        "利用可能曜日": null,
        "開始時間": null,
        "終了時間": null,
        "利用可能日時特記事項": null,
        "画像": null,
        "画像_ライセンス": null,
        "概要": "「岩国市の文化財」参照",
        "概要_英語": null,
        "説明": null,
        "説明_英語": null,
        "URL": null,
        "備考": null
      }
    },
    {
      "type": "Feature",
      "geometry": {
        "type": "Point",
        "coordinates": [
          132.003926,
          34.340751
        ]
      },
      "properties": {
        "全国地方公共団体コード": 352080,
        "ID": 500154,
        "地方公共団体名": "山口県岩国市",
        "name": "上沼田神楽",
        "名称_カナ": "ウエヌダカグラ",
        "名称_通称": null,
        "名称_英語": null,
        "文化財分類": "市指定無形民俗文化財",
        "種類": null,
        "場所名称": null,
        "所在地_全国地方公共団体コード": 352080,
        "町字ID": null,
        "所在地_連結表記": "山口県岩国市錦町須川(沼田)",
        "所在地_都道府県": "山口県",
        "所在地_市区町村": "岩国市錦町須川(沼田)",
        "所在地_町字": null,
        "所在地_番地以下": null,
        "建物名等(方書)": null,
        "高度の種別": null,
        "高度の値": null,
        "電話番号": null,
        "内線番号": null,
        "連絡先メールアドレス": null,
        "連絡先FormURL": null,
        "連絡先備考（その他、SNSなど）": null,
        "郵便番号": null,
        "員数（数）": null,
        "員数（単位）": null,
        "法人番号": null,
        "所有者等": "上沼田神楽保存会",
        "文化財指定日": "1981/10/1",
        "利用可能曜日": null,
        "開始時間": null,
        "終了時間": null,
        "利用可能日時特記事項": null,
        "画像": null,
        "画像_ライセンス": null,
        "概要": "「岩国市の文化財」参照",
        "概要_英語": null,
        "説明": null,
        "説明_英語": null,
        "URL": null,
        "備考": null
      }
    },
    {
      "type": "Feature",
      "geometry": {
        "type": "Point",
        "coordinates": [
          132.065626,
          34.25244
        ]
      },
      "properties": {
        "全国地方公共団体コード": 352080,
        "ID": 500155,
        "地方公共団体名": "山口県岩国市",
        "name": "当村餓死人三百人之墓　付　三百四員過去帳",
        "名称_カナ": "トウソンガシニンサンビャクニンノハカ　ツケタリ　サンビャクヨニンカコチョウ",
        "名称_通称": null,
        "名称_英語": null,
        "文化財分類": "市指定史跡",
        "種類": null,
        "場所名称": null,
        "所在地_全国地方公共団体コード": 352080,
        "町字ID": null,
        "所在地_連結表記": "山口県岩国市美和町下畑910",
        "所在地_都道府県": "山口県",
        "所在地_市区町村": "岩国市美和町下畑910",
        "所在地_町字": null,
        "所在地_番地以下": null,
        "建物名等(方書)": null,
        "高度の種別": null,
        "高度の値": null,
        "電話番号": null,
        "内線番号": null,
        "連絡先メールアドレス": null,
        "連絡先FormURL": null,
        "連絡先備考（その他、SNSなど）": null,
        "郵便番号": null,
        "員数（数）": "1・1",
        "員数（単位）": "所・冊",
        "法人番号": null,
        "所有者等": "個人",
        "文化財指定日": "1976/3/24",
        "利用可能曜日": null,
        "開始時間": null,
        "終了時間": null,
        "利用可能日時特記事項": null,
        "画像": null,
        "画像_ライセンス": null,
        "概要": "「岩国市の文化財」参照",
        "概要_英語": null,
        "説明": null,
        "説明_英語": null,
        "URL": null,
        "備考": null
      }
    },
    {
      "type": "Feature",
      "geometry": {
        "type": "Point",
        "coordinates": [
          132.083126,
          34.325799
        ]
      },
      "properties": {
        "全国地方公共団体コード": 352080,
        "ID": 500156,
        "地方公共団体名": "山口県岩国市",
        "name": "処刑場跡",
        "名称_カナ": "ショケイジョウアト",
        "名称_通称": null,
        "名称_英語": null,
        "文化財分類": "市指定史跡",
        "種類": null,
        "場所名称": null,
        "所在地_全国地方公共団体コード": 352080,
        "町字ID": null,
        "所在地_連結表記": "山口県岩国市美和町秋掛字中の川　2325-2",
        "所在地_都道府県": "山口県",
        "所在地_市区町村": "岩国市美和町秋掛字中の川　2325-2",
        "所在地_町字": null,
        "所在地_番地以下": null,
        "建物名等(方書)": null,
        "高度の種別": null,
        "高度の値": null,
        "電話番号": null,
        "内線番号": null,
        "連絡先メールアドレス": null,
        "連絡先FormURL": null,
        "連絡先備考（その他、SNSなど）": null,
        "郵便番号": null,
        "員数（数）": "1",
        "員数（単位）": "所",
        "法人番号": null,
        "所有者等": "個人",
        "文化財指定日": "1982/4/27",
        "利用可能曜日": null,
        "開始時間": null,
        "終了時間": null,
        "利用可能日時特記事項": null,
        "画像": null,
        "画像_ライセンス": null,
        "概要": "「岩国市の文化財」参照",
        "概要_英語": null,
        "説明": null,
        "説明_英語": null,
        "URL": null,
        "備考": null
      }
    },
    {
      "type": "Feature",
      "geometry": {
        "type": "Point",
        "coordinates": [
          132.219164,
          34.166745
        ]
      },
      "properties": {
        "全国地方公共団体コード": 352080,
        "ID": 500157,
        "地方公共団体名": "山口県岩国市",
        "name": "芥川龍之介父系菩提寺",
        "名称_カナ": "アクタガワリュウノスケフケイボダイジ",
        "名称_通称": null,
        "名称_英語": null,
        "文化財分類": "市指定史跡",
        "種類": null,
        "場所名称": null,
        "所在地_全国地方公共団体コード": 352080,
        "町字ID": null,
        "所在地_連結表記": "山口県岩国市美和町生見中村",
        "所在地_都道府県": "山口県",
        "所在地_市区町村": "岩国市美和町生見中村",
        "所在地_町字": null,
        "所在地_番地以下": null,
        "建物名等(方書)": null,
        "高度の種別": null,
        "高度の値": null,
        "電話番号": null,
        "内線番号": null,
        "連絡先メールアドレス": null,
        "連絡先FormURL": null,
        "連絡先備考（その他、SNSなど）": null,
        "郵便番号": null,
        "員数（数）": "1",
        "員数（単位）": "所",
        "法人番号": null,
        "所有者等": "個人",
        "文化財指定日": "1991/3/16",
        "利用可能曜日": null,
        "開始時間": null,
        "終了時間": null,
        "利用可能日時特記事項": null,
        "画像": null,
        "画像_ライセンス": null,
        "概要": "「岩国市の文化財」参照",
        "概要_英語": null,
        "説明": null,
        "説明_英語": null,
        "URL": null,
        "備考": null
      }
    },
    {
      "type": "Feature",
      "geometry": {
        "type": "Point",
        "coordinates": [
          132.093018,
          34.294177
        ]
      },
      "properties": {
        "全国地方公共団体コード": 352080,
        "ID": 500158,
        "地方公共団体名": "山口県岩国市",
        "name": "高森城址",
        "名称_カナ": "タカモリジョウシ",
        "名称_通称": null,
        "名称_英語": null,
        "文化財分類": "市指定史跡",
        "種類": null,
        "場所名称": null,
        "所在地_全国地方公共団体コード": 352080,
        "町字ID": null,
        "所在地_連結表記": "山口県岩国市美和町北中山牛ヶ多和",
        "所在地_都道府県": "山口県",
        "所在地_市区町村": "岩国市美和町北中山牛ヶ多和",
        "所在地_町字": null,
        "所在地_番地以下": null,
        "建物名等(方書)": null,
        "高度の種別": null,
        "高度の値": null,
        "電話番号": null,
        "内線番号": null,
        "連絡先メールアドレス": null,
        "連絡先FormURL": null,
        "連絡先備考（その他、SNSなど）": null,
        "郵便番号": null,
        "員数（数）": "1",
        "員数（単位）": "所",
        "法人番号": null,
        "所有者等": "城山会",
        "文化財指定日": "2002/3/22",
        "利用可能曜日": null,
        "開始時間": null,
        "終了時間": null,
        "利用可能日時特記事項": null,
        "画像": null,
        "画像_ライセンス": null,
        "概要": "「岩国市の文化財」参照",
        "概要_英語": null,
        "説明": null,
        "説明_英語": null,
        "URL": null,
        "備考": null
      }
    },
    {
      "type": "Feature",
      "geometry": {
        "type": "Point",
        "coordinates": [
          131.994018,
          34.280769
        ]
      },
      "properties": {
        "全国地方公共団体コード": 352080,
        "ID": 500159,
        "地方公共団体名": "山口県岩国市",
        "name": "早尾坂漆ヶ坪一里塚",
        "名称_カナ": "ハヤオザカウルシガツボイチリヅカ",
        "名称_通称": null,
        "名称_英語": null,
        "文化財分類": "市指定史跡",
        "種類": null,
        "場所名称": null,
        "所在地_全国地方公共団体コード": 352080,
        "町字ID": null,
        "所在地_連結表記": "山口県岩国市錦町府谷",
        "所在地_都道府県": "山口県",
        "所在地_市区町村": "岩国市錦町府谷",
        "所在地_町字": null,
        "所在地_番地以下": null,
        "建物名等(方書)": null,
        "高度の種別": null,
        "高度の値": null,
        "電話番号": null,
        "内線番号": null,
        "連絡先メールアドレス": null,
        "連絡先FormURL": null,
        "連絡先備考（その他、SNSなど）": null,
        "郵便番号": null,
        "員数（数）": "1",
        "員数（単位）": "基",
        "法人番号": null,
        "所有者等": "個人",
        "文化財指定日": "2004/11/11",
        "利用可能曜日": null,
        "開始時間": null,
        "終了時間": null,
        "利用可能日時特記事項": null,
        "画像": null,
        "画像_ライセンス": null,
        "概要": "「岩国市の文化財」参照",
        "概要_英語": null,
        "説明": null,
        "説明_英語": null,
        "URL": null,
        "備考": null
      }
    },
    {
      "type": "Feature",
      "geometry": {
        "type": "Point",
        "coordinates": [
          132.063337,
          34.077472
        ]
      },
      "properties": {
        "全国地方公共団体コード": 352080,
        "ID": 500160,
        "地方公共団体名": "山口県岩国市",
        "name": "天野隆重墓　付　天野隆重夫人墓",
        "名称_カナ": "アマノタカシゲハカ　ツケタリ　アマノタカシゲフジンハカ",
        "名称_通称": null,
        "名称_英語": null,
        "文化財分類": "市指定史跡",
        "種類": null,
        "場所名称": null,
        "所在地_全国地方公共団体コード": 352080,
        "町字ID": null,
        "所在地_連結表記": "山口県岩国市周東町上久原",
        "所在地_都道府県": "山口県",
        "所在地_市区町村": "岩国市周東町上久原",
        "所在地_町字": null,
        "所在地_番地以下": null,
        "建物名等(方書)": null,
        "高度の種別": null,
        "高度の値": null,
        "電話番号": null,
        "内線番号": null,
        "連絡先メールアドレス": null,
        "連絡先FormURL": null,
        "連絡先備考（その他、SNSなど）": null,
        "郵便番号": null,
        "員数（数）": "1",
        "員数（単位）": "基",
        "法人番号": 4250010000000.0,
        "所有者等": "（宗）通化寺",
        "文化財指定日": "1976/12/9",
        "利用可能曜日": null,
        "開始時間": null,
        "終了時間": null,
        "利用可能日時特記事項": null,
        "画像": null,
        "画像_ライセンス": null,
        "概要": "「岩国市の文化財」参照",
        "概要_英語": null,
        "説明": null,
        "説明_英語": null,
        "URL": null,
        "備考": null
      }
    },
    {
      "type": "Feature",
      "geometry": {
        "type": "Point",
        "coordinates": [
          132.063337,
          34.077472
        ]
      },
      "properties": {
        "全国地方公共団体コード": 352080,
        "ID": 500161,
        "地方公共団体名": "山口県岩国市",
        "name": "天野元嘉墓　付　天野元嘉夫人墓",
        "名称_カナ": "アマノモトヨシハカ　ツケタリ　アマノモトヨシフジンハカ",
        "名称_通称": null,
        "名称_英語": null,
        "文化財分類": "市指定史跡",
        "種類": null,
        "場所名称": null,
        "所在地_全国地方公共団体コード": 352080,
        "町字ID": null,
        "所在地_連結表記": "山口県岩国市周東町上久原",
        "所在地_都道府県": "山口県",
        "所在地_市区町村": "岩国市周東町上久原",
        "所在地_町字": null,
        "所在地_番地以下": null,
        "建物名等(方書)": null,
        "高度の種別": null,
        "高度の値": null,
        "電話番号": null,
        "内線番号": null,
        "連絡先メールアドレス": null,
        "連絡先FormURL": null,
        "連絡先備考（その他、SNSなど）": null,
        "郵便番号": null,
        "員数（数）": "1",
        "員数（単位）": "基",
        "法人番号": 4250010000000.0,
        "所有者等": "（宗）通化寺",
        "文化財指定日": "1976/12/9",
        "利用可能曜日": null,
        "開始時間": null,
        "終了時間": null,
        "利用可能日時特記事項": null,
        "画像": null,
        "画像_ライセンス": null,
        "概要": "「岩国市の文化財」参照",
        "概要_英語": null,
        "説明": null,
        "説明_英語": null,
        "URL": null,
        "備考": null
      }
    },
    {
      "type": "Feature",
      "geometry": {
        "type": "Point",
        "coordinates": [
          131.974195,
          34.151479
        ]
      },
      "properties": {
        "全国地方公共団体コード": 352080,
        "ID": 500162,
        "地方公共団体名": "山口県岩国市",
        "name": "井上豊後守就正墓",
        "名称_カナ": "イノウエブンゴノカミナリマサハカ",
        "名称_通称": null,
        "名称_英語": null,
        "文化財分類": "市指定史跡",
        "種類": null,
        "場所名称": null,
        "所在地_全国地方公共団体コード": 352080,
        "町字ID": null,
        "所在地_連結表記": "山口県岩国市周東町三瀬川",
        "所在地_都道府県": "山口県",
        "所在地_市区町村": "岩国市周東町三瀬川",
        "所在地_町字": null,
        "所在地_番地以下": null,
        "建物名等(方書)": null,
        "高度の種別": null,
        "高度の値": null,
        "電話番号": null,
        "内線番号": null,
        "連絡先メールアドレス": null,
        "連絡先FormURL": null,
        "連絡先備考（その他、SNSなど）": null,
        "郵便番号": null,
        "員数（数）": "1",
        "員数（単位）": "基",
        "法人番号": null,
        "所有者等": "個人",
        "文化財指定日": "1978/5/13",
        "利用可能曜日": null,
        "開始時間": null,
        "終了時間": null,
        "利用可能日時特記事項": null,
        "画像": null,
        "画像_ライセンス": null,
        "概要": "「岩国市の文化財」参照",
        "概要_英語": null,
        "説明": null,
        "説明_英語": null,
        "URL": null,
        "備考": null
      }
    },
    {
      "type": "Feature",
      "geometry": {
        "type": "Point",
        "coordinates": [
          132.050965,
          34.094125
        ]
      },
      "properties": {
        "全国地方公共団体コード": 352080,
        "ID": 500163,
        "地方公共団体名": "山口県岩国市",
        "name": "北方古墳",
        "名称_カナ": "キタガタコフン",
        "名称_通称": null,
        "名称_英語": null,
        "文化財分類": "市指定史跡",
        "種類": null,
        "場所名称": null,
        "所在地_全国地方公共団体コード": 352080,
        "町字ID": null,
        "所在地_連結表記": "山口県岩国市周東町下久原",
        "所在地_都道府県": "山口県",
        "所在地_市区町村": "岩国市周東町下久原",
        "所在地_町字": null,
        "所在地_番地以下": null,
        "建物名等(方書)": null,
        "高度の種別": null,
        "高度の値": null,
        "電話番号": null,
        "内線番号": null,
        "連絡先メールアドレス": null,
        "連絡先FormURL": null,
        "連絡先備考（その他、SNSなど）": null,
        "郵便番号": null,
        "員数（数）": "1",
        "員数（単位）": "基",
        "法人番号": null,
        "所有者等": "北方古墳保存会",
        "文化財指定日": "1987/3/30",
        "利用可能曜日": null,
        "開始時間": null,
        "終了時間": null,
        "利用可能日時特記事項": null,
        "画像": null,
        "画像_ライセンス": null,
        "概要": "「岩国市の文化財」参照",
        "概要_英語": null,
        "説明": null,
        "説明_英語": null,
        "URL": null,
        "備考": null
      }
    },
    {
      "type": "Feature",
      "geometry": {
        "type": "Point",
        "coordinates": [
          132.109088,
          34.109896
        ]
      },
      "properties": {
        "全国地方公共団体コード": 352080,
        "ID": 500164,
        "地方公共団体名": "山口県岩国市",
        "name": "周防源氏武田氏屋敷跡及び墓所",
        "名称_カナ": "スオウゲンジタケダシヤシキアトオヨビボショ",
        "名称_通称": null,
        "名称_英語": null,
        "文化財分類": "市指定史跡",
        "種類": null,
        "場所名称": null,
        "所在地_全国地方公共団体コード": 352080,
        "町字ID": null,
        "所在地_連結表記": "山口県岩国市玖珂町字欽明路1687-1",
        "所在地_都道府県": "山口県",
        "所在地_市区町村": "岩国市玖珂町字欽明路1687-1",
        "所在地_町字": null,
        "所在地_番地以下": null,
        "建物名等(方書)": null,
        "高度の種別": null,
        "高度の値": null,
        "電話番号": null,
        "内線番号": null,
        "連絡先メールアドレス": null,
        "連絡先FormURL": null,
        "連絡先備考（その他、SNSなど）": null,
        "郵便番号": null,
        "員数（数）": "2,080",
        "員数（単位）": "㎡",
        "法人番号": 8240010000000.0,
        "所有者等": "個人",
        "文化財指定日": "2005/12/27",
        "利用可能曜日": null,
        "開始時間": null,
        "終了時間": null,
        "利用可能日時特記事項": null,
        "画像": null,
        "画像_ライセンス": null,
        "概要": "「岩国市の文化財」参照",
        "概要_英語": null,
        "説明": null,
        "説明_英語": null,
        "URL": null,
        "備考": null
      }
    },
    {
      "type": "Feature",
      "geometry": {
        "type": "Point",
        "coordinates": [
          132.076093,
          34.098581
        ]
      },
      "properties": {
        "全国地方公共団体コード": 352080,
        "ID": 500165,
        "地方公共団体名": "山口県岩国市",
        "name": "筏山古墳移築石室　及び　　出土人骨一括",
        "名称_カナ": "イカダヤマコフンイチクセキシツオヨビシュツドジンコツイッカツ",
        "名称_通称": null,
        "名称_英語": null,
        "文化財分類": "市指定史跡",
        "種類": null,
        "場所名称": null,
        "所在地_全国地方公共団体コード": 352080,
        "町字ID": null,
        "所在地_連結表記": "筏山古墳移築石室：山口県岩国市玖珂町6345、出土人骨一括：山口県下関市豊北町神田上891－8（土井ヶ浜遺跡・人類学ミュージアム）",
        "所在地_都道府県": "山口県",
        "所在地_市区町村": "筏山古墳移築石室：山口県岩国市玖珂町6345、出土人骨一括：山口県下関市豊北町神田上891－8（土井ヶ浜遺跡・人類学ミュージアム）",
        "所在地_町字": null,
        "所在地_番地以下": null,
        "建物名等(方書)": null,
        "高度の種別": null,
        "高度の値": null,
        "電話番号": "0827-29-5098",
        "内線番号": null,
        "連絡先メールアドレス": null,
        "連絡先FormURL": null,
        "連絡先備考（その他、SNSなど）": null,
        "郵便番号": null,
        "員数（数）": "石室1基　及び　人骨1体",
        "員数（単位）": "石室1基　及び　人骨1体",
        "法人番号": 1000020000000.0,
        "所有者等": "岩国市",
        "文化財指定日": "1980/11/28",
        "利用可能曜日": null,
        "開始時間": null,
        "終了時間": null,
        "利用可能日時特記事項": null,
        "画像": null,
        "画像_ライセンス": null,
        "概要": "「岩国市の文化財」参照",
        "概要_英語": null,
        "説明": null,
        "説明_英語": null,
        "URL": "https://www.city.iwakuni.lg.jp/",
        "備考": null
      }
    },
    {
      "type": "Feature",
      "geometry": {
        "type": "Point",
        "coordinates": [
          132.088072,
          34.090047
        ]
      },
      "properties": {
        "全国地方公共団体コード": 352080,
        "ID": 500166,
        "地方公共団体名": "山口県岩国市",
        "name": "臼田古墳の遺構　及び出土遺物一括",
        "名称_カナ": "ウスダコフンノイコウオヨビシュツドイブツイッカツ",
        "名称_通称": null,
        "名称_英語": null,
        "文化財分類": "市指定史跡",
        "種類": null,
        "場所名称": null,
        "所在地_全国地方公共団体コード": 352080,
        "町字ID": null,
        "所在地_連結表記": "山口県岩国市玖珂町6857-1",
        "所在地_都道府県": "山口県",
        "所在地_市区町村": "岩国市玖珂町6857-1",
        "所在地_町字": null,
        "所在地_番地以下": null,
        "建物名等(方書)": null,
        "高度の種別": null,
        "高度の値": null,
        "電話番号": null,
        "内線番号": null,
        "連絡先メールアドレス": null,
        "連絡先FormURL": null,
        "連絡先備考（その他、SNSなど）": null,
        "郵便番号": null,
        "員数（数）": "石室1基　及び　遺物一括",
        "員数（単位）": "石室1基　及び　遺物一括",
        "法人番号": null,
        "所有者等": "個人（石室）　岩国市（遺物一括）",
        "文化財指定日": "2002/6/4",
        "利用可能曜日": null,
        "開始時間": null,
        "終了時間": null,
        "利用可能日時特記事項": null,
        "画像": null,
        "画像_ライセンス": null,
        "概要": "「岩国市の文化財」参照",
        "概要_英語": null,
        "説明": null,
        "説明_英語": null,
        "URL": null,
        "備考": null
      }
    },
    {
      "type": "Feature",
      "geometry": {
        "type": "Point",
        "coordinates": [
          131.929569,
          34.266477
        ]
      },
      "properties": {
        "全国地方公共団体コード": 352080,
        "ID": 500167,
        "地方公共団体名": "山口県岩国市",
        "name": "渡辺飛騨守宝篋印塔及び　　　関係宝篋印塔",
        "名称_カナ": "ワタナベヒダノカミホウキョウイントウオヨビカンケイホウキョウイントウ",
        "名称_通称": null,
        "名称_英語": null,
        "文化財分類": "市指定史跡",
        "種類": null,
        "場所名称": null,
        "所在地_全国地方公共団体コード": 352080,
        "町字ID": null,
        "所在地_連結表記": "山口県岩国市錦町広瀬",
        "所在地_都道府県": "山口県",
        "所在地_市区町村": "岩国市錦町広瀬",
        "所在地_町字": null,
        "所在地_番地以下": null,
        "建物名等(方書)": null,
        "高度の種別": null,
        "高度の値": null,
        "電話番号": null,
        "内線番号": null,
        "連絡先メールアドレス": null,
        "連絡先FormURL": null,
        "連絡先備考（その他、SNSなど）": null,
        "郵便番号": null,
        "員数（数）": "3",
        "員数（単位）": "基",
        "法人番号": 8250010000000.0,
        "所有者等": "（宗）長栄寺",
        "文化財指定日": "1984/12/10",
        "利用可能曜日": null,
        "開始時間": null,
        "終了時間": null,
        "利用可能日時特記事項": null,
        "画像": null,
        "画像_ライセンス": null,
        "概要": "「岩国市の文化財」参照",
        "概要_英語": null,
        "説明": null,
        "説明_英語": null,
        "URL": null,
        "備考": null
      }
    },
    {
      "type": "Feature",
      "geometry": {
        "type": "Point",
        "coordinates": [
          132.170852,
          34.166423
        ]
      },
      "properties": {
        "全国地方公共団体コード": 352080,
        "ID": 500168,
        "地方公共団体名": "山口県岩国市",
        "name": "永興寺庭園",
        "名称_カナ": "ヨウコウジテイエン",
        "名称_通称": null,
        "名称_英語": null,
        "文化財分類": "市指定名勝",
        "種類": null,
        "場所名称": null,
        "所在地_全国地方公共団体コード": 352080,
        "町字ID": null,
        "所在地_連結表記": "山口県岩国市横山1-255",
        "所在地_都道府県": "山口県",
        "所在地_市区町村": "岩国市横山1-255",
        "所在地_町字": null,
        "所在地_番地以下": null,
        "建物名等(方書)": null,
        "高度の種別": null,
        "高度の値": null,
        "電話番号": null,
        "内線番号": null,
        "連絡先メールアドレス": null,
        "連絡先FormURL": null,
        "連絡先備考（その他、SNSなど）": null,
        "郵便番号": null,
        "員数（数）": null,
        "員数（単位）": null,
        "法人番号": 4250010000000.0,
        "所有者等": "（宗）永興寺",
        "文化財指定日": "1999/11/18",
        "利用可能曜日": null,
        "開始時間": null,
        "終了時間": null,
        "利用可能日時特記事項": null,
        "画像": null,
        "画像_ライセンス": null,
        "概要": "「岩国市の文化財」参照",
        "概要_英語": null,
        "説明": null,
        "説明_英語": null,
        "URL": null,
        "備考": null
      }
    },
    {
      "type": "Feature",
      "geometry": {
        "type": "Point",
        "coordinates": [
          132.046465,
          34.070824
        ]
      },
      "properties": {
        "全国地方公共団体コード": 352080,
        "ID": 500169,
        "地方公共団体名": "山口県岩国市",
        "name": "通化寺庭園",
        "名称_カナ": "ツウケイジテイエン",
        "名称_通称": null,
        "名称_英語": null,
        "文化財分類": "市指定名勝",
        "種類": null,
        "場所名称": null,
        "所在地_全国地方公共団体コード": 352080,
        "町字ID": null,
        "所在地_連結表記": "山口県岩国市周東町上久原401・1957",
        "所在地_都道府県": "山口県",
        "所在地_市区町村": "岩国市周東町上久原401・1957",
        "所在地_町字": null,
        "所在地_番地以下": null,
        "建物名等(方書)": null,
        "高度の種別": null,
        "高度の値": null,
        "電話番号": null,
        "内線番号": null,
        "連絡先メールアドレス": null,
        "連絡先FormURL": null,
        "連絡先備考（その他、SNSなど）": null,
        "郵便番号": null,
        "員数（数）": null,
        "員数（単位）": null,
        "法人番号": 4250010000000.0,
        "所有者等": "（宗）通化寺",
        "文化財指定日": "1995/3/28",
        "利用可能曜日": null,
        "開始時間": null,
        "終了時間": null,
        "利用可能日時特記事項": null,
        "画像": null,
        "画像_ライセンス": null,
        "概要": "「岩国市の文化財」参照",
        "概要_英語": null,
        "説明": null,
        "説明_英語": null,
        "URL": null,
        "備考": null
      }
    },
    {
      "type": "Feature",
      "geometry": {
        "type": "Point",
        "coordinates": [
          132.008812,
          34.336972
        ]
      },
      "properties": {
        "全国地方公共団体コード": 352080,
        "ID": 500170,
        "地方公共団体名": "山口県岩国市",
        "name": "上須川河内神社の大杉",
        "名称_カナ": "カミスガワカワチジンジャノオオスギ",
        "名称_通称": null,
        "名称_英語": null,
        "文化財分類": "市指定天然記念物",
        "種類": null,
        "場所名称": null,
        "所在地_全国地方公共団体コード": 352080,
        "町字ID": null,
        "所在地_連結表記": "山口県岩国市錦町上須川",
        "所在地_都道府県": "山口県",
        "所在地_市区町村": "岩国市錦町上須川",
        "所在地_町字": null,
        "所在地_番地以下": null,
        "建物名等(方書)": null,
        "高度の種別": null,
        "高度の値": null,
        "電話番号": null,
        "内線番号": null,
        "連絡先メールアドレス": null,
        "連絡先FormURL": null,
        "連絡先備考（その他、SNSなど）": null,
        "郵便番号": null,
        "員数（数）": "1",
        "員数（単位）": "本",
        "法人番号": null,
        "所有者等": "（宗）須川河内神社",
        "文化財指定日": "1980/10/1",
        "利用可能曜日": null,
        "開始時間": null,
        "終了時間": null,
        "利用可能日時特記事項": null,
        "画像": null,
        "画像_ライセンス": null,
        "概要": "「岩国市の文化財」参照",
        "概要_英語": null,
        "説明": null,
        "説明_英語": null,
        "URL": null,
        "備考": null
      }
    },
    {
      "type": "Feature",
      "geometry": {
        "type": "Point",
        "coordinates": [
          132.04849,
          34.436437
        ]
      },
      "properties": {
        "全国地方公共団体コード": 352080,
        "ID": 500171,
        "地方公共団体名": "山口県岩国市",
        "name": "寂地の満州菩提樹群生地",
        "名称_カナ": "ジャクチノマンシュウボダイジュグンセイチ",
        "名称_通称": null,
        "名称_英語": null,
        "文化財分類": "市指定天然記念物",
        "種類": null,
        "場所名称": null,
        "所在地_全国地方公共団体コード": 352080,
        "町字ID": null,
        "所在地_連結表記": "山口県岩国市錦町宇佐",
        "所在地_都道府県": "山口県",
        "所在地_市区町村": "岩国市錦町宇佐",
        "所在地_町字": null,
        "所在地_番地以下": null,
        "建物名等(方書)": null,
        "高度の種別": null,
        "高度の値": null,
        "電話番号": null,
        "内線番号": null,
        "連絡先メールアドレス": null,
        "連絡先FormURL": null,
        "連絡先備考（その他、SNSなど）": null,
        "郵便番号": null,
        "員数（数）": null,
        "員数（単位）": null,
        "法人番号": null,
        "所有者等": "個人",
        "文化財指定日": "1980/10/1",
        "利用可能曜日": null,
        "開始時間": null,
        "終了時間": null,
        "利用可能日時特記事項": null,
        "画像": null,
        "画像_ライセンス": null,
        "概要": "「岩国市の文化財」参照",
        "概要_英語": null,
        "説明": null,
        "説明_英語": null,
        "URL": null,
        "備考": null
      }
    },
    {
      "type": "Feature",
      "geometry": {
        "type": "Point",
        "coordinates": [
          131.929569,
          34.266477
        ]
      },
      "properties": {
        "全国地方公共団体コード": 352080,
        "ID": 500172,
        "地方公共団体名": "山口県岩国市",
        "name": "権現山巨樹群",
        "名称_カナ": "ゴンゲンヤマキョジュグン",
        "名称_通称": null,
        "名称_英語": null,
        "文化財分類": "市指定天然記念物",
        "種類": null,
        "場所名称": null,
        "所在地_全国地方公共団体コード": 352080,
        "町字ID": null,
        "所在地_連結表記": "山口県岩国市錦町広瀬",
        "所在地_都道府県": "山口県",
        "所在地_市区町村": "岩国市錦町広瀬",
        "所在地_町字": null,
        "所在地_番地以下": null,
        "建物名等(方書)": null,
        "高度の種別": null,
        "高度の値": null,
        "電話番号": null,
        "内線番号": null,
        "連絡先メールアドレス": null,
        "連絡先FormURL": null,
        "連絡先備考（その他、SNSなど）": null,
        "郵便番号": null,
        "員数（数）": null,
        "員数（単位）": null,
        "法人番号": null,
        "所有者等": "白山神社",
        "文化財指定日": "1984/12/10",
        "利用可能曜日": null,
        "開始時間": null,
        "終了時間": null,
        "利用可能日時特記事項": null,
        "画像": null,
        "画像_ライセンス": null,
        "概要": "「岩国市の文化財」参照",
        "概要_英語": null,
        "説明": null,
        "説明_英語": null,
        "URL": null,
        "備考": null
      }
    },
    {
      "type": "Feature",
      "geometry": {
        "type": "Point",
        "coordinates": [
          131.903931,
          34.293811
        ]
      },
      "properties": {
        "全国地方公共団体コード": 352080,
        "ID": 500173,
        "地方公共団体名": "山口県岩国市",
        "name": "木谷の宮モミジ",
        "名称_カナ": "キダニノミヤモミジ",
        "名称_通称": null,
        "名称_英語": null,
        "文化財分類": "市指定天然記念物",
        "種類": null,
        "場所名称": null,
        "所在地_全国地方公共団体コード": 352080,
        "町字ID": null,
        "所在地_連結表記": "山口県岩国市錦町木谷",
        "所在地_都道府県": "山口県",
        "所在地_市区町村": "岩国市錦町木谷",
        "所在地_町字": null,
        "所在地_番地以下": null,
        "建物名等(方書)": null,
        "高度の種別": null,
        "高度の値": null,
        "電話番号": null,
        "内線番号": null,
        "連絡先メールアドレス": null,
        "連絡先FormURL": null,
        "連絡先備考（その他、SNSなど）": null,
        "郵便番号": null,
        "員数（数）": "1",
        "員数（単位）": "本",
        "法人番号": 9250000000000.0,
        "所有者等": "（株）吉川林産興業",
        "文化財指定日": "1984/12/10",
        "利用可能曜日": null,
        "開始時間": null,
        "終了時間": null,
        "利用可能日時特記事項": null,
        "画像": null,
        "画像_ライセンス": null,
        "概要": "「岩国市の文化財」参照",
        "概要_英語": null,
        "説明": null,
        "説明_英語": null,
        "URL": null,
        "備考": null
      }
    },
    {
      "type": "Feature",
      "geometry": {
        "type": "Point",
        "coordinates": [
          131.929569,
          34.266477
        ]
      },
      "properties": {
        "全国地方公共団体コード": 352080,
        "ID": 500174,
        "地方公共団体名": "山口県岩国市",
        "name": "向畑のカツラの木",
        "名称_カナ": "ムカイバタノカツラノキ",
        "名称_通称": null,
        "名称_英語": null,
        "文化財分類": "市指定天然記念物",
        "種類": null,
        "場所名称": null,
        "所在地_全国地方公共団体コード": 352080,
        "町字ID": null,
        "所在地_連結表記": "山口県岩国市錦町広瀬向畑",
        "所在地_都道府県": "山口県",
        "所在地_市区町村": "岩国市錦町広瀬向畑",
        "所在地_町字": null,
        "所在地_番地以下": null,
        "建物名等(方書)": null,
        "高度の種別": null,
        "高度の値": null,
        "電話番号": null,
        "内線番号": null,
        "連絡先メールアドレス": null,
        "連絡先FormURL": null,
        "連絡先備考（その他、SNSなど）": null,
        "郵便番号": null,
        "員数（数）": "1",
        "員数（単位）": "本",
        "法人番号": null,
        "所有者等": "個人",
        "文化財指定日": "1984/12/10",
        "利用可能曜日": null,
        "開始時間": null,
        "終了時間": null,
        "利用可能日時特記事項": null,
        "画像": null,
        "画像_ライセンス": null,
        "概要": "「岩国市の文化財」参照",
        "概要_英語": null,
        "説明": null,
        "説明_英語": null,
        "URL": null,
        "備考": null
      }
    },
    {
      "type": "Feature",
      "geometry": {
        "type": "Point",
        "coordinates": [
          132.04849,
          34.436437
        ]
      },
      "properties": {
        "全国地方公共団体コード": 352080,
        "ID": 500175,
        "地方公共団体名": "山口県岩国市",
        "name": "宇佐玉蔵寺のコウヤマキ",
        "名称_カナ": "ウサギョクゾウジノコウヤマキ",
        "名称_通称": null,
        "名称_英語": null,
        "文化財分類": "市指定天然記念物",
        "種類": null,
        "場所名称": null,
        "所在地_全国地方公共団体コード": 352080,
        "町字ID": null,
        "所在地_連結表記": "山口県岩国市錦町宇佐",
        "所在地_都道府県": "山口県",
        "所在地_市区町村": "岩国市錦町宇佐",
        "所在地_町字": null,
        "所在地_番地以下": null,
        "建物名等(方書)": null,
        "高度の種別": null,
        "高度の値": null,
        "電話番号": null,
        "内線番号": null,
        "連絡先メールアドレス": null,
        "連絡先FormURL": null,
        "連絡先備考（その他、SNSなど）": null,
        "郵便番号": null,
        "員数（数）": "1",
        "員数（単位）": "本",
        "法人番号": 5250010000000.0,
        "所有者等": "（宗）玉蔵寺",
        "文化財指定日": "1984/12/10",
        "利用可能曜日": null,
        "開始時間": null,
        "終了時間": null,
        "利用可能日時特記事項": null,
        "画像": null,
        "画像_ライセンス": null,
        "概要": "「岩国市の文化財」参照",
        "概要_英語": null,
        "説明": null,
        "説明_英語": null,
        "URL": null,
        "備考": null
      }
    },
    {
      "type": "Feature",
      "geometry": {
        "type": "Point",
        "coordinates": [
          132.219164,
          34.166745
        ]
      },
      "properties": {
        "全国地方公共団体コード": 352080,
        "ID": 500176,
        "地方公共団体名": "山口県岩国市",
        "name": "大原明神社の大スギ",
        "名称_カナ": "オオハラミョウジンジャノオオスギ",
        "名称_通称": null,
        "名称_英語": null,
        "文化財分類": "市指定天然記念物",
        "種類": null,
        "場所名称": null,
        "所在地_全国地方公共団体コード": 352080,
        "町字ID": null,
        "所在地_連結表記": "山口県岩国市錦町大原",
        "所在地_都道府県": "山口県",
        "所在地_市区町村": "岩国市錦町大原",
        "所在地_町字": null,
        "所在地_番地以下": null,
        "建物名等(方書)": null,
        "高度の種別": null,
        "高度の値": null,
        "電話番号": null,
        "内線番号": null,
        "連絡先メールアドレス": null,
        "連絡先FormURL": null,
        "連絡先備考（その他、SNSなど）": null,
        "郵便番号": null,
        "員数（数）": "1",
        "員数（単位）": "本",
        "法人番号": null,
        "所有者等": "（宗）河内神社",
        "文化財指定日": "1984/12/10",
        "利用可能曜日": null,
        "開始時間": null,
        "終了時間": null,
        "利用可能日時特記事項": null,
        "画像": null,
        "画像_ライセンス": null,
        "概要": "「岩国市の文化財」参照",
        "概要_英語": null,
        "説明": null,
        "説明_英語": null,
        "URL": null,
        "備考": null
      }
    },
    {
      "type": "Feature",
      "geometry": {
        "type": "Point",
        "coordinates": [
          131.929569,
          34.266477
        ]
      },
      "properties": {
        "全国地方公共団体コード": 352080,
        "ID": 500177,
        "地方公共団体名": "山口県岩国市",
        "name": "向畑の左近桜",
        "名称_カナ": "ムカイバタノサコンザクラ",
        "名称_通称": null,
        "名称_英語": null,
        "文化財分類": "市指定天然記念物",
        "種類": null,
        "場所名称": null,
        "所在地_全国地方公共団体コード": 352080,
        "町字ID": null,
        "所在地_連結表記": "山口県岩国市錦町広瀬向畑",
        "所在地_都道府県": "山口県",
        "所在地_市区町村": "岩国市錦町広瀬向畑",
        "所在地_町字": null,
        "所在地_番地以下": null,
        "建物名等(方書)": null,
        "高度の種別": null,
        "高度の値": null,
        "電話番号": null,
        "内線番号": null,
        "連絡先メールアドレス": null,
        "連絡先FormURL": null,
        "連絡先備考（その他、SNSなど）": null,
        "郵便番号": null,
        "員数（数）": "1",
        "員数（単位）": "本",
        "法人番号": null,
        "所有者等": "個人",
        "文化財指定日": "1984/12/10",
        "利用可能曜日": null,
        "開始時間": null,
        "終了時間": null,
        "利用可能日時特記事項": null,
        "画像": null,
        "画像_ライセンス": null,
        "概要": "「岩国市の文化財」参照",
        "概要_英語": null,
        "説明": null,
        "説明_英語": null,
        "URL": null,
        "備考": null
      }
    },
    {
      "type": "Feature",
      "geometry": {
        "type": "Point",
        "coordinates": [
          132.072866,
          34.093395
        ]
      },
      "properties": {
        "全国地方公共団体コード": 352080,
        "ID": 500178,
        "地方公共団体名": "山口県岩国市",
        "name": "菅原神社のモミノキ2本、サカキ１本",
        "名称_カナ": "スガワラジンジャノモミノキニホン、サカキイッポン",
        "名称_通称": null,
        "名称_英語": null,
        "文化財分類": "市指定天然記念物",
        "種類": null,
        "場所名称": null,
        "所在地_全国地方公共団体コード": 352080,
        "町字ID": null,
        "所在地_連結表記": "山口県岩国市玖珂町字阿山6164",
        "所在地_都道府県": "山口県",
        "所在地_市区町村": "岩国市玖珂町字阿山6164",
        "所在地_町字": null,
        "所在地_番地以下": null,
        "建物名等(方書)": null,
        "高度の種別": null,
        "高度の値": null,
        "電話番号": null,
        "内線番号": null,
        "連絡先メールアドレス": null,
        "連絡先FormURL": null,
        "連絡先備考（その他、SNSなど）": null,
        "郵便番号": null,
        "員数（数）": "計3本",
        "員数（単位）": "計3本",
        "法人番号": 3250010000000.0,
        "所有者等": "（宗）菅原神社",
        "文化財指定日": "2005/12/27",
        "利用可能曜日": null,
        "開始時間": null,
        "終了時間": null,
        "利用可能日時特記事項": null,
        "画像": null,
        "画像_ライセンス": null,
        "概要": "「岩国市の文化財」参照",
        "概要_英語": null,
        "説明": null,
        "説明_英語": null,
        "URL": null,
        "備考": null
      }
    },
    {
      "type": "Feature",
      "geometry": {
        "type": "Point",
        "coordinates": [
          131.974195,
          34.151479
        ]
      },
      "properties": {
        "全国地方公共団体コード": 352080,
        "ID": 500179,
        "地方公共団体名": "山口県岩国市",
        "name": "河内神社社叢",
        "名称_カナ": "コウチジンジャシャソウ",
        "名称_通称": null,
        "名称_英語": null,
        "文化財分類": "市指定天然記念物",
        "種類": null,
        "場所名称": null,
        "所在地_全国地方公共団体コード": 352080,
        "町字ID": null,
        "所在地_連結表記": "山口県岩国市周東町三瀬川字八幡原",
        "所在地_都道府県": "山口県",
        "所在地_市区町村": "岩国市周東町三瀬川字八幡原",
        "所在地_町字": null,
        "所在地_番地以下": null,
        "建物名等(方書)": null,
        "高度の種別": null,
        "高度の値": null,
        "電話番号": null,
        "内線番号": null,
        "連絡先メールアドレス": null,
        "連絡先FormURL": null,
        "連絡先備考（その他、SNSなど）": null,
        "郵便番号": null,
        "員数（数）": null,
        "員数（単位）": null,
        "法人番号": 8250010000000.0,
        "所有者等": "（宗）河内神社",
        "文化財指定日": "1977/11/7",
        "利用可能曜日": null,
        "開始時間": null,
        "終了時間": null,
        "利用可能日時特記事項": null,
        "画像": null,
        "画像_ライセンス": null,
        "概要": "「岩国市の文化財」参照",
        "概要_英語": null,
        "説明": null,
        "説明_英語": null,
        "URL": null,
        "備考": null
      }
    },
    {
      "type": "Feature",
      "geometry": {
        "type": "Point",
        "coordinates": [
          132.046451,
          34.11189
        ]
      },
      "properties": {
        "全国地方公共団体コード": 352080,
        "ID": 500180,
        "地方公共団体名": "山口県岩国市",
        "name": "鮎原剣神社社叢",
        "名称_カナ": "アユバラツルギジンジャシャソウ",
        "名称_通称": null,
        "名称_英語": null,
        "文化財分類": "市指定天然記念物",
        "種類": null,
        "場所名称": null,
        "所在地_全国地方公共団体コード": 352080,
        "町字ID": null,
        "所在地_連結表記": "山口県岩国市周東町川上字鮎原",
        "所在地_都道府県": "山口県",
        "所在地_市区町村": "岩国市周東町川上字鮎原",
        "所在地_町字": null,
        "所在地_番地以下": null,
        "建物名等(方書)": null,
        "高度の種別": null,
        "高度の値": null,
        "電話番号": null,
        "内線番号": null,
        "連絡先メールアドレス": null,
        "連絡先FormURL": null,
        "連絡先備考（その他、SNSなど）": null,
        "郵便番号": null,
        "員数（数）": null,
        "員数（単位）": null,
        "法人番号": 2250010000000.0,
        "所有者等": "（宗）鮎原剣神社",
        "文化財指定日": "1978/5/13",
        "利用可能曜日": null,
        "開始時間": null,
        "終了時間": null,
        "利用可能日時特記事項": null,
        "画像": null,
        "画像_ライセンス": null,
        "概要": "「岩国市の文化財」参照",
        "概要_英語": null,
        "説明": null,
        "説明_英語": null,
        "URL": null,
        "備考": null
      }
    },
    {
      "type": "Feature",
      "geometry": {
        "type": "Point",
        "coordinates": [
          132.095131,
          34.1069
        ]
      },
      "properties": {
        "全国地方公共団体コード": 352080,
        "ID": 500181,
        "地方公共団体名": "山口県岩国市",
        "name": "春日神社の大杉",
        "名称_カナ": "カスガジンジャノオオスギ",
        "名称_通称": null,
        "名称_英語": null,
        "文化財分類": "市指定天然記念物",
        "種類": null,
        "場所名称": null,
        "所在地_全国地方公共団体コード": 352080,
        "町字ID": null,
        "所在地_連結表記": "山口県岩国市玖珂町字神田166-1",
        "所在地_都道府県": "山口県",
        "所在地_市区町村": "岩国市玖珂町字神田166-1",
        "所在地_町字": null,
        "所在地_番地以下": null,
        "建物名等(方書)": null,
        "高度の種別": null,
        "高度の値": null,
        "電話番号": null,
        "内線番号": null,
        "連絡先メールアドレス": null,
        "連絡先FormURL": null,
        "連絡先備考（その他、SNSなど）": null,
        "郵便番号": null,
        "員数（数）": "1",
        "員数（単位）": "本",
        "法人番号": null,
        "所有者等": "春日神社",
        "文化財指定日": "2004/12/24",
        "利用可能曜日": null,
        "開始時間": null,
        "終了時間": null,
        "利用可能日時特記事項": null,
        "画像": null,
        "画像_ライセンス": null,
        "概要": "「岩国市の文化財」参照",
        "概要_英語": null,
        "説明": null,
        "説明_英語": null,
        "URL": null,
        "備考": null
      }
    },
    {
      "type": "Feature",
      "geometry": {
        "type": "Point",
        "coordinates": [
          132.17714,
          34.170967
        ]
      },
      "properties": {
        "全国地方公共団体コード": 352080,
        "ID": 500182,
        "地方公共団体名": "山口県岩国市",
        "name": "岩国徴古館",
        "名称_カナ": "イワクニチョウコカン",
        "名称_通称": null,
        "名称_英語": null,
        "文化財分類": "登録文化財",
        "種類": null,
        "場所名称": null,
        "所在地_全国地方公共団体コード": 352080,
        "町字ID": null,
        "所在地_連結表記": "山口県岩国市横山2-7-19",
        "所在地_都道府県": "山口県",
        "所在地_市区町村": "岩国市横山2-7-19",
        "所在地_町字": null,
        "所在地_番地以下": null,
        "建物名等(方書)": null,
        "高度の種別": null,
        "高度の値": null,
        "電話番号": "0827-41-0452",
        "内線番号": null,
        "連絡先メールアドレス": null,
        "連絡先FormURL": null,
        "連絡先備考（その他、SNSなど）": null,
        "郵便番号": null,
        "員数（数）": null,
        "員数（単位）": null,
        "法人番号": 1000020000000.0,
        "所有者等": "岩国市",
        "文化財指定日": "1998/1/16",
        "利用可能曜日": "月曜日休館",
        "開始時間": "9:00:00",
        "終了時間": "17:00:00",
        "利用可能日時特記事項": null,
        "画像": null,
        "画像_ライセンス": null,
        "概要": "「岩国市の文化財」参照",
        "概要_英語": null,
        "説明": null,
        "説明_英語": null,
        "URL": "https://www.city.iwakuni.lg.jp/",
        "備考": null
      }
    },
    {
      "type": "Feature",
      "geometry": {
        "type": "Point",
        "coordinates": [
          132.176099,
          34.171942
        ]
      },
      "properties": {
        "全国地方公共団体コード": 352080,
        "ID": 500183,
        "地方公共団体名": "山口県岩国市",
        "name": "錦雲閣",
        "名称_カナ": "キンウンカク",
        "名称_通称": null,
        "名称_英語": null,
        "文化財分類": "登録文化財",
        "種類": null,
        "場所名称": null,
        "所在地_全国地方公共団体コード": 352080,
        "町字ID": null,
        "所在地_連結表記": "山口県岩国市横山2-8",
        "所在地_都道府県": "山口県",
        "所在地_市区町村": "岩国市横山2-8",
        "所在地_町字": null,
        "所在地_番地以下": null,
        "建物名等(方書)": null,
        "高度の種別": null,
        "高度の値": null,
        "電話番号": "0827-41-1780",
        "内線番号": null,
        "連絡先メールアドレス": null,
        "連絡先FormURL": null,
        "連絡先備考（その他、SNSなど）": null,
        "郵便番号": null,
        "員数（数）": null,
        "員数（単位）": null,
        "法人番号": 1000020000000.0,
        "所有者等": "岩国市",
        "文化財指定日": "2000/2/15",
        "利用可能曜日": null,
        "開始時間": null,
        "終了時間": null,
        "利用可能日時特記事項": null,
        "画像": null,
        "画像_ライセンス": null,
        "概要": "「岩国市の文化財」参照",
        "概要_英語": null,
        "説明": null,
        "説明_英語": null,
        "URL": "https://www.city.iwakuni.lg.jp/",
        "備考": null
      }
    },
    {
      "type": "Feature",
      "geometry": {
        "type": "Point",
        "coordinates": [
          132.180047,
          34.158504
        ]
      },
      "properties": {
        "全国地方公共団体コード": 352080,
        "ID": 500184,
        "地方公共団体名": "山口県岩国市",
        "name": "水西書院",
        "名称_カナ": "スイセイショイン",
        "名称_通称": null,
        "名称_英語": null,
        "文化財分類": "登録文化財",
        "種類": null,
        "場所名称": null,
        "所在地_全国地方公共団体コード": 352080,
        "町字ID": null,
        "所在地_連結表記": "山口県岩国市川西4-2-4",
        "所在地_都道府県": "山口県",
        "所在地_市区町村": "岩国市川西4-2-4",
        "所在地_町字": null,
        "所在地_番地以下": null,
        "建物名等(方書)": null,
        "高度の種別": null,
        "高度の値": null,
        "電話番号": "0827-29-5116",
        "内線番号": null,
        "連絡先メールアドレス": null,
        "連絡先FormURL": null,
        "連絡先備考（その他、SNSなど）": null,
        "郵便番号": null,
        "員数（数）": null,
        "員数（単位）": null,
        "法人番号": 1000020000000.0,
        "所有者等": "岩国市",
        "文化財指定日": "2000/2/15",
        "利用可能曜日": null,
        "開始時間": null,
        "終了時間": null,
        "利用可能日時特記事項": null,
        "画像": null,
        "画像_ライセンス": null,
        "概要": "「岩国市の文化財」参照",
        "概要_英語": null,
        "説明": null,
        "説明_英語": null,
        "URL": "https://www.city.iwakuni.lg.jp/",
        "備考": null
      }
    },
    {
      "type": "Feature",
      "geometry": {
        "type": "Point",
        "coordinates": [
          132.185349,
          34.162511
        ]
      },
      "properties": {
        "全国地方公共団体コード": 352080,
        "ID": 500185,
        "地方公共団体名": "山口県岩国市",
        "name": "旧岩国税務署",
        "名称_カナ": "キュウイワクニゼイムショ",
        "名称_通称": null,
        "名称_英語": null,
        "文化財分類": "登録文化財",
        "種類": null,
        "場所名称": null,
        "所在地_全国地方公共団体コード": 352080,
        "町字ID": null,
        "所在地_連結表記": "山口県岩国市岩国3-13-9",
        "所在地_都道府県": "山口県",
        "所在地_市区町村": "岩国市岩国3-13-9",
        "所在地_町字": null,
        "所在地_番地以下": null,
        "建物名等(方書)": null,
        "高度の種別": null,
        "高度の値": null,
        "電話番号": null,
        "内線番号": null,
        "連絡先メールアドレス": null,
        "連絡先FormURL": null,
        "連絡先備考（その他、SNSなど）": null,
        "郵便番号": null,
        "員数（数）": null,
        "員数（単位）": null,
        "法人番号": 9250000000000.0,
        "所有者等": "個人",
        "文化財指定日": "2000/2/15",
        "利用可能曜日": null,
        "開始時間": null,
        "終了時間": null,
        "利用可能日時特記事項": null,
        "画像": null,
        "画像_ライセンス": null,
        "概要": "「岩国市の文化財」参照",
        "概要_英語": null,
        "説明": null,
        "説明_英語": null,
        "URL": null,
        "備考": null
      }
    },
    {
      "type": "Feature",
      "geometry": {
        "type": "Point",
        "coordinates": [
          132.255304,
          34.175934
        ]
      },
      "properties": {
        "全国地方公共団体コード": 352080,
        "ID": 500186,
        "地方公共団体名": "山口県岩国市",
        "name": "國安家住宅",
        "名称_カナ": "クニヤスケジュウタク",
        "名称_通称": null,
        "名称_英語": null,
        "文化財分類": "登録文化財",
        "種類": null,
        "場所名称": null,
        "所在地_全国地方公共団体コード": 352080,
        "町字ID": null,
        "所在地_連結表記": "山口県岩国市岩国1-7-3",
        "所在地_都道府県": "山口県",
        "所在地_市区町村": "岩国市岩国1-7-3",
        "所在地_町字": null,
        "所在地_番地以下": null,
        "建物名等(方書)": null,
        "高度の種別": null,
        "高度の値": null,
        "電話番号": "0827-29-5116",
        "内線番号": null,
        "連絡先メールアドレス": null,
        "連絡先FormURL": null,
        "連絡先備考（その他、SNSなど）": null,
        "郵便番号": null,
        "員数（数）": null,
        "員数（単位）": null,
        "法人番号": 1000020000000.0,
        "所有者等": "岩国市",
        "文化財指定日": "2000/2/15",
        "利用可能曜日": null,
        "開始時間": null,
        "終了時間": null,
        "利用可能日時特記事項": null,
        "画像": null,
        "画像_ライセンス": null,
        "概要": "「岩国市の文化財」参照",
        "概要_英語": null,
        "説明": null,
        "説明_英語": null,
        "URL": "https://www.city.iwakuni.lg.jp/",
        "備考": null
      }
    },
    {
      "type": "Feature",
      "geometry": {
        "type": "Point",
        "coordinates": [
          132.17795,
          34.171163
        ]
      },
      "properties": {
        "全国地方公共団体コード": 352080,
        "ID": 500187,
        "地方公共団体名": "山口県岩国市",
        "name": "旧吉川邸厩門",
        "名称_カナ": "キュウキッカワテイウマヤモン",
        "名称_通称": null,
        "名称_英語": null,
        "文化財分類": "登録文化財",
        "種類": null,
        "場所名称": null,
        "所在地_全国地方公共団体コード": 352080,
        "町字ID": null,
        "所在地_連結表記": "山口県岩国市横山2-7",
        "所在地_都道府県": "山口県",
        "所在地_市区町村": "岩国市横山2-7",
        "所在地_町字": null,
        "所在地_番地以下": null,
        "建物名等(方書)": null,
        "高度の種別": null,
        "高度の値": null,
        "電話番号": "0827-41-1780",
        "内線番号": null,
        "連絡先メールアドレス": null,
        "連絡先FormURL": null,
        "連絡先備考（その他、SNSなど）": null,
        "郵便番号": null,
        "員数（数）": null,
        "員数（単位）": null,
        "法人番号": 1000020000000.0,
        "所有者等": "岩国市",
        "文化財指定日": "2004/7/23",
        "利用可能曜日": null,
        "開始時間": null,
        "終了時間": null,
        "利用可能日時特記事項": null,
        "画像": null,
        "画像_ライセンス": null,
        "概要": "「岩国市の文化財」参照",
        "概要_英語": null,
        "説明": null,
        "説明_英語": null,
        "URL": "https://www.city.iwakuni.lg.jp/",
        "備考": null
      }
    },
    {
      "type": "Feature",
      "geometry": {
        "type": "Point",
        "coordinates": [
          132.19521,
          34.162839
        ]
      },
      "properties": {
        "全国地方公共団体コード": 352080,
        "ID": 500188,
        "地方公共団体名": "山口県岩国市",
        "name": "JR西岩国駅駅舎",
        "名称_カナ": "ジェイアールニシイワクニエキエキシャ",
        "名称_通称": null,
        "名称_英語": null,
        "文化財分類": "登録文化財",
        "種類": null,
        "場所名称": null,
        "所在地_全国地方公共団体コード": 352080,
        "町字ID": null,
        "所在地_連結表記": "山口県岩国市錦見6-15-3",
        "所在地_都道府県": "山口県",
        "所在地_市区町村": "岩国市錦見6-15-3",
        "所在地_町字": null,
        "所在地_番地以下": null,
        "建物名等(方書)": null,
        "高度の種別": null,
        "高度の値": null,
        "電話番号": "0827-29-5013",
        "内線番号": null,
        "連絡先メールアドレス": null,
        "連絡先FormURL": null,
        "連絡先備考（その他、SNSなど）": null,
        "郵便番号": null,
        "員数（数）": null,
        "員数（単位）": null,
        "法人番号": 1000020000000.0,
        "所有者等": "岩国市",
        "文化財指定日": "2006/8/3",
        "利用可能曜日": null,
        "開始時間": null,
        "終了時間": null,
        "利用可能日時特記事項": null,
        "画像": null,
        "画像_ライセンス": null,
        "概要": "「岩国市の文化財」参照",
        "概要_英語": null,
        "説明": null,
        "説明_英語": null,
        "URL": "https://www.city.iwakuni.lg.jp/",
        "備考": null
      }
    },
    {
      "type": "Feature",
      "geometry": {
        "type": "Point",
        "coordinates": [
          132.174999,
          34.157181
        ]
      },
      "properties": {
        "全国地方公共団体コード": 352080,
        "ID": 500189,
        "地方公共団体名": "山口県岩国市",
        "name": "旧宇野千代家住宅主屋",
        "名称_カナ": "キュウウノチヨケジュウタクシュオク",
        "名称_通称": null,
        "名称_英語": null,
        "文化財分類": "登録文化財",
        "種類": null,
        "場所名称": null,
        "所在地_全国地方公共団体コード": 352080,
        "町字ID": null,
        "所在地_連結表記": "山口県岩国市川西2-9-35",
        "所在地_都道府県": "山口県",
        "所在地_市区町村": "岩国市川西2-9－35",
        "所在地_町字": null,
        "所在地_番地以下": null,
        "建物名等(方書)": null,
        "高度の種別": null,
        "高度の値": null,
        "電話番号": "0827-29-5116",
        "内線番号": null,
        "連絡先メールアドレス": null,
        "連絡先FormURL": null,
        "連絡先備考（その他、SNSなど）": null,
        "郵便番号": null,
        "員数（数）": null,
        "員数（単位）": null,
        "法人番号": 1000020000000.0,
        "所有者等": "岩国市",
        "文化財指定日": "2007/12/5",
        "利用可能曜日": null,
        "開始時間": null,
        "終了時間": null,
        "利用可能日時特記事項": null,
        "画像": null,
        "画像_ライセンス": null,
        "概要": "「岩国市の文化財」参照",
        "概要_英語": null,
        "説明": null,
        "説明_英語": null,
        "URL": "https://www.city.iwakuni.lg.jp/",
        "備考": null
      }
    },
    {
      "type": "Feature",
      "geometry": {
        "type": "Point",
        "coordinates": [
          132.17714,
          34.170967
        ]
      },
      "properties": {
        "全国地方公共団体コード": 352080,
        "ID": 500190,
        "地方公共団体名": "山口県岩国市",
        "name": "岩国徴古館第一収蔵庫",
        "名称_カナ": "イワクニチョウコカンダイイチシュウゾウコ",
        "名称_通称": null,
        "名称_英語": null,
        "文化財分類": "登録文化財",
        "種類": null,
        "場所名称": null,
        "所在地_全国地方公共団体コード": 352080,
        "町字ID": null,
        "所在地_連結表記": "山口県岩国市横山2-7-19",
        "所在地_都道府県": "山口県",
        "所在地_市区町村": "岩国市横山2-7－19",
        "所在地_町字": null,
        "所在地_番地以下": null,
        "建物名等(方書)": null,
        "高度の種別": null,
        "高度の値": null,
        "電話番号": "0827-41-0452",
        "内線番号": null,
        "連絡先メールアドレス": null,
        "連絡先FormURL": null,
        "連絡先備考（その他、SNSなど）": null,
        "郵便番号": null,
        "員数（数）": null,
        "員数（単位）": null,
        "法人番号": 1000020000000.0,
        "所有者等": "岩国市",
        "文化財指定日": "2007/12/5",
        "利用可能曜日": "月曜日休館",
        "開始時間": "9:00:00",
        "終了時間": "17:00:00",
        "利用可能日時特記事項": null,
        "画像": null,
        "画像_ライセンス": null,
        "概要": "「岩国市の文化財」参照",
        "概要_英語": null,
        "説明": null,
        "説明_英語": null,
        "URL": "https://www.city.iwakuni.lg.jp/",
        "備考": null
      }
    },
    {
      "type": "Feature",
      "geometry": {
        "type": "Point",
        "coordinates": [
          132.17714,
          34.170967
        ]
      },
      "properties": {
        "全国地方公共団体コード": 352080,
        "ID": 500191,
        "地方公共団体名": "山口県岩国市",
        "name": "岩国徴古館第二収蔵庫",
        "名称_カナ": "イワクニチョウコカンダイニシュウゾウコ",
        "名称_通称": null,
        "名称_英語": null,
        "文化財分類": "登録文化財",
        "種類": null,
        "場所名称": null,
        "所在地_全国地方公共団体コード": 352080,
        "町字ID": null,
        "所在地_連結表記": "山口県岩国市横山2-7-19",
        "所在地_都道府県": "山口県",
        "所在地_市区町村": "岩国市横山2-7－19",
        "所在地_町字": null,
        "所在地_番地以下": null,
        "建物名等(方書)": null,
        "高度の種別": null,
        "高度の値": null,
        "電話番号": "0827-41-0452",
        "内線番号": null,
        "連絡先メールアドレス": null,
        "連絡先FormURL": null,
        "連絡先備考（その他、SNSなど）": null,
        "郵便番号": null,
        "員数（数）": null,
        "員数（単位）": null,
        "法人番号": 1000020000000.0,
        "所有者等": "岩国市",
        "文化財指定日": "2007/12/5",
        "利用可能曜日": "月曜日休館",
        "開始時間": "9:00:00",
        "終了時間": "17:00:00",
        "利用可能日時特記事項": null,
        "画像": null,
        "画像_ライセンス": null,
        "概要": "「岩国市の文化財」参照",
        "概要_英語": null,
        "説明": null,
        "説明_英語": null,
        "URL": "https://www.city.iwakuni.lg.jp/",
        "備考": null
      }
    },
    {
      "type": "Feature",
      "geometry": {
        "type": "Point",
        "coordinates": [
          132.185241,
          34.16312
        ]
      },
      "properties": {
        "全国地方公共団体コード": 352080,
        "ID": 500192,
        "地方公共団体名": "山口県岩国市",
        "name": "岩国練武場",
        "名称_カナ": "イワクニレンブジョウ",
        "名称_通称": null,
        "名称_英語": null,
        "文化財分類": "登録文化財",
        "種類": null,
        "場所名称": null,
        "所在地_全国地方公共団体コード": 352080,
        "町字ID": null,
        "所在地_連結表記": "山口県岩国市岩国3-14-35",
        "所在地_都道府県": "山口県",
        "所在地_市区町村": "岩国市岩国3-14－35",
        "所在地_町字": null,
        "所在地_番地以下": null,
        "建物名等(方書)": null,
        "高度の種別": null,
        "高度の値": null,
        "電話番号": "0827-29-5103",
        "内線番号": null,
        "連絡先メールアドレス": null,
        "連絡先FormURL": null,
        "連絡先備考（その他、SNSなど）": null,
        "郵便番号": null,
        "員数（数）": null,
        "員数（単位）": null,
        "法人番号": 1000020000000.0,
        "所有者等": "岩国市",
        "文化財指定日": "2012/8/13",
        "利用可能曜日": null,
        "開始時間": null,
        "終了時間": null,
        "利用可能日時特記事項": null,
        "画像": null,
        "画像_ライセンス": null,
        "概要": "「岩国市の文化財」参照",
        "概要_英語": null,
        "説明": null,
        "説明_英語": null,
        "URL": "https://www.city.iwakuni.lg.jp/",
        "備考": null
      }
    },
    {
      "type": "Feature",
      "geometry": {
        "type": "Point",
        "coordinates": [
          132.1776803,
          34.1704537
        ]
      },
      "properties": {
        "全国地方公共団体コード": 352080,
        "ID": 500195,
        "地方公共団体名": "山口県岩国市",
        "name": "吉川家肖像画",
        "名称_カナ": "キッカワケショウゾウガ",
        "名称_通称": null,
        "名称_英語": null,
        "文化財分類": "市指定有形文化財",
        "種類": "絵画",
        "場所名称": null,
        "所在地_全国地方公共団体コード": 352080,
        "町字ID": null,
        "所在地_連結表記": "山口県岩国市横山2-7-3",
        "所在地_都道府県": "山口県",
        "所在地_市区町村": "岩国市横山2-7-3",
        "所在地_町字": null,
        "所在地_番地以下": null,
        "建物名等(方書)": null,
        "高度の種別": null,
        "高度の値": null,
        "電話番号": null,
        "内線番号": null,
        "連絡先メールアドレス": null,
        "連絡先FormURL": null,
        "連絡先備考（その他、SNSなど）": null,
        "郵便番号": null,
        "員数（数）": "6",
        "員数（単位）": "幅",
        "法人番号": 1250010000000.0,
        "所有者等": "（公財）吉川報效会",
        "文化財指定日": "2023/3/20",
        "利用可能曜日": null,
        "開始時間": null,
        "終了時間": null,
        "利用可能日時特記事項": null,
        "画像": null,
        "画像_ライセンス": null,
        "概要": "「いわくに文化財探訪」参照",
        "概要_英語": null,
        "説明": null,
        "説明_英語": null,
        "URL": "https://iwakuni-bunkazai.jp/",
        "備考": null
      }
    },
    {
      "type": "Feature",
      "geometry": {
        "type": "Point",
        "coordinates": [
          132.0435406,
          34.2966497
        ]
      },
      "properties": {
        "全国地方公共団体コード": 352080,
        "ID": 500196,
        "地方公共団体名": "山口県岩国市",
        "name": "祈年宮扁額　付　祈年宮記",
        "名称_カナ": "キネングウヘンガク　ツケタリ　キネングウキ",
        "名称_通称": null,
        "名称_英語": null,
        "文化財分類": "市指定有形文化財",
        "種類": "歴史資料",
        "場所名称": null,
        "所在地_全国地方公共団体コード": 352080,
        "町字ID": null,
        "所在地_連結表記": "山口県岩国市本郷町192-1",
        "所在地_都道府県": "山口県",
        "所在地_市区町村": "岩国市本郷町192-1",
        "所在地_町字": null,
        "所在地_番地以下": null,
        "建物名等(方書)": null,
        "高度の種別": null,
        "高度の値": null,
        "電話番号": null,
        "内線番号": null,
        "連絡先メールアドレス": null,
        "連絡先FormURL": null,
        "連絡先備考（その他、SNSなど）": null,
        "郵便番号": null,
        "員数（数）": "1・1",
        "員数（単位）": "件・点",
        "法人番号": null,
        "所有者等": "個人",
        "文化財指定日": "2023/3/20",
        "利用可能曜日": null,
        "開始時間": null,
        "終了時間": null,
        "利用可能日時特記事項": null,
        "画像": null,
        "画像_ライセンス": null,
        "概要": "「いわくに文化財探訪」参照",
        "概要_英語": null,
        "説明": null,
        "説明_英語": null,
        "URL": "https://iwakuni-bunkazai.jp/",
        "備考": null
      }
    },
    {
      "type": "Feature",
      "geometry": {
        "type": "Point",
        "coordinates": [
          132.1777165,
          34.1704564
        ]
      },
      "properties": {
        "全国地方公共団体コード": 352080,
        "ID": 500197,
        "地方公共団体名": "山口県岩国市",
        "name": "大肩衝茶入　付　千利休書状",
        "名称_カナ": "オオカタツキチャイレ　ツケタリ　センノリキュウショジョウ",
        "名称_通称": null,
        "名称_英語": null,
        "文化財分類": "市指定有形文化財",
        "種類": "工芸品",
        "場所名称": null,
        "所在地_全国地方公共団体コード": 352080,
        "町字ID": null,
        "所在地_連結表記": "山口県岩国市横山2-7-3",
        "所在地_都道府県": "山口県",
        "所在地_市区町村": "岩国市横山二丁目7-3",
        "所在地_町字": null,
        "所在地_番地以下": null,
        "建物名等(方書)": null,
        "高度の種別": null,
        "高度の値": null,
        "電話番号": null,
        "内線番号": null,
        "連絡先メールアドレス": null,
        "連絡先FormURL": null,
        "連絡先備考（その他、SNSなど）": null,
        "郵便番号": null,
        "員数（数）": "1・1",
        "員数（単位）": "口・幅",
        "法人番号": 1250010000000.0,
        "所有者等": "（公財）吉川報效会",
        "文化財指定日": "2024/3/29",
        "利用可能曜日": null,
        "開始時間": null,
        "終了時間": null,
        "利用可能日時特記事項": null,
        "画像": null,
        "画像_ライセンス": null,
        "概要": "「いわくに文化財探訪」参照",
        "概要_英語": null,
        "説明": null,
        "説明_英語": null,
        "URL": "https://iwakuni-bunkazai.jp/",
        "備考": null
      }
    }
  ]
}